id,conversation_id,created_at,date,time,timezone,user_id,username,name,place,tweet,mentions,urls,photos,replies_count,retweets_count,likes_count,hashtags,cashtags,link,retweet,quote_url,video,near,geo,source,user_rt_id,user_rt,retweet_id,reply_to
1258998128234999808,1258998128234999808,1589003519000,2020-05-09,01:51:59,EDT,1254368888751419392,thesundaystreet,thesundaystreet,,Image Source : AP Pakistan's COVID-19 death toll doubles in last 10 days    Pakistan's COVID-19  https://thesundaystreet.com/pakistans-covid-19-death-toll-doubles-in-last-10-days/?utm_source=ReviveOldPost&utm_medium=social&utm_campaign=ReviveOldPostÂ â€¦ #covidinpakistan,[],['https://thesundaystreet.com/pakistans-covid-19-death-toll-doubles-in-last-10-days/?utm_source=ReviveOldPost&utm_medium=social&utm_campaign=ReviveOldPost'],[],0,0,0,['#covidinpakistan'],[],https://twitter.com/thesundaystreet/status/1258998128234999808,False,,0,,,,,,,"[{'user_id': '1254368888751419392', 'username': 'thesundaystreet'}]"
1258635365696577537,1258391832725159936,1588917030000,2020-05-08,01:50:30,EDT,21685072,gandairi,Ali Raza Zaidi,,"Isnâ€™t that being disingenuous sir, as due to people not being on roads you have dozens if not more people not dying daily of accidents or the Flu? So you canâ€™t really just make a conclusion on simply less deaths as no deaths from #covidinpakistan #COVID19Pakistan",['imranismailpti'],[],[],0,0,0,"['#covidinpakistan', '#covid19pakistan']",[],https://twitter.com/gandairi/status/1258635365696577537,False,,0,,,,,,,"[{'user_id': '21685072', 'username': 'gandairi'}, {'user_id': '438694340', 'username': 'ImranIsmailPTI'}]"
1257657452998377475,1257657452998377475,1588683877000,2020-05-05,09:04:37,EDT,907212249768644608,oladocsays,oladocsays,,"If you have symptoms of Corona-Virus, don't panic and call these helplines for help!  #oladocCares #MinistryofNationalHealth #Pakistan #CovidinPakistan  https://twitter.com/nhsrcofficial/status/1240907656728100865Â â€¦",[],['https://twitter.com/nhsrcofficial/status/1240907656728100865'],[],0,0,1,"['#oladoccares', '#ministryofnationalhealth', '#pakistan', '#covidinpakistan']",[],https://twitter.com/oladocSays/status/1257657452998377475,False,https://twitter.com/nhsrcofficial/status/1240907656728100865,0,,,,,,,"[{'user_id': '907212249768644608', 'username': 'oladocSays'}]"
1257633694996738050,1257633694996738050,1588678213000,2020-05-05,07:30:13,EDT,907212249768644608,oladocsays,oladocsays,,Famous Pakistani singer Ali Azmat emphasizes about the importance of social distancing. It is indeed the only thing we can do to flatten the curve! #oladocCares #FlattenTheCurve #CovidinPakistan  https://twitter.com/HealthPunjabGov/status/1257558034529824768Â â€¦,[],['https://twitter.com/HealthPunjabGov/status/1257558034529824768'],[],0,0,0,"['#oladoccares', '#flattenthecurve', '#covidinpakistan']",[],https://twitter.com/oladocSays/status/1257633694996738050,False,https://twitter.com/HealthPunjabGov/status/1257558034529824768,0,,,,,,,"[{'user_id': '907212249768644608', 'username': 'oladocSays'}]"
1254273999049285634,1254273999049285634,1587877199000,2020-04-26,00:59:59,EDT,429902840,harounrashid2,Haroun Rashid,,"Seriously, did anyone expect any different after the President signed the surrender document either the Mullahs?! #covidinpakistan  pic.twitter.com/Ao2IAfh6Ib",[],[],['https://pbs.twimg.com/media/EWgThFvXYAEyvRf.jpg'],8,19,42,['#covidinpakistan'],[],https://twitter.com/HarounRashid2/status/1254273999049285634,False,,0,,,,,,,"[{'user_id': '429902840', 'username': 'HarounRashid2'}]"
1253266444646854656,1253266444646854656,1587636979000,2020-04-23,06:16:19,EDT,1221117778704334855,vofsindh_,Voice of Sindh,,"Prime Minister .@ImranKhanPTI is set to raise fund for deserving people of #Pakistan in a #telethon #COVIDãƒ¼19 , #COVIDinPakistan  http://www.voiceofsindh.com.pk/prime-minister-to-take-part-in-televised-corona-relief-fund-telethon-today/Â â€¦",['imrankhanpti'],['http://www.voiceofsindh.com.pk/prime-minister-to-take-part-in-televised-corona-relief-fund-telethon-today/'],[],0,0,1,"['#pakistan', '#telethon', '#covidãƒ¼19', '#covidinpakistan']",[],https://twitter.com/VofSindh_/status/1253266444646854656,False,,0,,,,,,,"[{'user_id': '1221117778704334855', 'username': 'VofSindh_'}, {'user_id': '122453931', 'username': 'ImranKhanPTI'}]"
1252628587078922241,1252628587078922241,1587484902000,2020-04-21,12:01:42,EDT,376267206,engrumairhusain,Umair Hussain Malik,,#Rawalpindi: Corona se Sehat yaab hone valon ki tadad 63. (Alhamdulillah)  Last 24 hrs: 10 new cases. #COVIDinPakistan,[],[],[],0,0,0,"['#rawalpindi', '#covidinpakistan']",[],https://twitter.com/EngrUmairHusain/status/1252628587078922241,False,,0,,,,,,,"[{'user_id': '376267206', 'username': 'EngrUmairHusain'}]"
1252524840998916096,1252524840998916096,1587460167000,2020-04-21,05:09:27,EDT,1231181518191677444,23news_pakistan,23 NEWS - HD,,"With the incidence of coronavirus cases increasing in Pakistan, the best way to #StaySafe is to #StayAtHome and #StopTheSpread #StandApart #Covid19 #CovidInPakistan #23news pic.twitter.com/F6lovc69Sr",[],[],['https://pbs.twimg.com/media/EWHcnXlWAAcT0aw.jpg'],0,0,0,"['#staysafe', '#stayathome', '#stopthespread', '#standapart', '#covid19', '#covidinpakistan', '#23news']",[],https://twitter.com/23News_Pakistan/status/1252524840998916096,False,,0,,,,,,,"[{'user_id': '1231181518191677444', 'username': '23News_Pakistan'}]"
1252133681956818944,1252133681956818944,1587366907000,2020-04-20,03:15:07,EDT,1014895636884410372,alipannu,Ali Pannu,,"I can feel @aamir_ibrahim01 & Jazz management is concerned for #COVIDinPakistan. Actions of @jazzpk reflect the empathy & sincerity to facilitate not just its work force, but also the state & people of Pakistan.  Well done and keep it up! ğŸ‘ #JazzCares A proud #JazzAlumnus ğŸ‘ https://twitter.com/aamir_ibrahim01/status/1251949909747601413Â â€¦","['aamir_ibrahim01', 'jazzpk']",['https://twitter.com/aamir_ibrahim01/status/1251949909747601413'],[],1,0,2,"['#covidinpakistan', '#jazzcares', '#jazzalumnus']",[],https://twitter.com/alipannu/status/1252133681956818944,False,https://twitter.com/aamir_ibrahim01/status/1251949909747601413,0,,,,,,,"[{'user_id': '1014895636884410372', 'username': 'alipannu'}, {'user_id': '3253645321', 'username': 'aamir_ibrahim01'}, {'user_id': '57617762', 'username': 'jazzpk'}]"
1250819596241833984,1250819596241833984,1587053605000,2020-04-16,12:13:25,EDT,1240240472498548737,aziz_mikaal,Mikaal J. Aziz,,"Fellow Teenagers Your anxiety in these times is normal, create distractions, focus and learn something new ... be kind to yourself and others - #teenagersinCovid #covidinpakistan #unicef https://www.unicef.org/coronavirus/how-teenagers-can-protect-their-mental-health-during-coronavirus-covid-19Â â€¦",[],['https://www.unicef.org/coronavirus/how-teenagers-can-protect-their-mental-health-during-coronavirus-covid-19'],[],0,1,7,"['#teenagersincovid', '#covidinpakistan', '#unicef']",[],https://twitter.com/aziz_mikaal/status/1250819596241833984,False,,0,,,,,,,"[{'user_id': '1240240472498548737', 'username': 'aziz_mikaal'}]"
1250510865205362688,1250510865205362688,1586979998000,2020-04-15,15:46:38,EDT,130427581,bukhtiarawan,Bukhtiar,,How much donated by The two big business families i.e. Zardaris and Sharifs in the COVID19 fund. #CovidInPakistan,[],[],[],2,0,1,['#covidinpakistan'],[],https://twitter.com/bukhtiarawan/status/1250510865205362688,False,,0,,,,,,,"[{'user_id': '130427581', 'username': 'bukhtiarawan'}]"
1250391499239378944,1250391499239378944,1586951539000,2020-04-15,07:52:19,EDT,1151808812354949120,ravinde70452499,ravinder singh,,@MehwishHayat Mehwish Hayat calls out India for using COVID-19 to fuel Islamophobia  https://tribune.com.pk/story/2198397/4-mehwish-hayat-calls-india-using-covid-19-fuel-islamophobia/Â â€¦ suggest you stick to acting and not poke you're pretty nose where it shouldn't belong. Heard Hindus and Christians are discriminated against #COVIDinPakistan,['mehwishhayat'],['https://tribune.com.pk/story/2198397/4-mehwish-hayat-calls-india-using-covid-19-fuel-islamophobia/'],[],0,0,0,['#covidinpakistan'],[],https://twitter.com/ravinde70452499/status/1250391499239378944,False,,0,,,,,,,"[{'user_id': '1151808812354949120', 'username': 'ravinde70452499'}, {'user_id': '189875048', 'username': 'MehwishHayat'}]"
1250056078139756546,1250056078139756546,1586871568000,2020-04-14,09:39:28,EDT,583648901,u_hani_taha,Hani Taha,,If you still aren't taking #CovidinPakistan seriously..this should give you some needed perspective  https://twitter.com/zofeen28/status/1250035929114447875Â â€¦,[],['https://twitter.com/zofeen28/status/1250035929114447875'],[],0,0,2,['#covidinpakistan'],[],https://twitter.com/u_hani_taha/status/1250056078139756546,False,https://twitter.com/zofeen28/status/1250035929114447875,0,,,,,,,"[{'user_id': '583648901', 'username': 'u_hani_taha'}]"
1249963250806120449,1249963250806120449,1586849436000,2020-04-14,03:30:36,EDT,583648901,u_hani_taha,Hani Taha,,"As per the report infections will peak Day 91 (MAY 26) where 5,921,1209 individuals could be infected.Cases will rapidly decrease on 120th day (JUN 24) BUT infected cases will stand at 369, 8192, whereas 198,761,399 cases will have recovered-90% population #CovidInPakistan",[],[],[],0,1,1,['#covidinpakistan'],[],https://twitter.com/u_hani_taha/status/1249963250806120449,False,,0,,,,,,,"[{'user_id': '583648901', 'username': 'u_hani_taha'}]"
1249961963431571457,1249961963431571457,1586849129000,2020-04-14,03:25:29,EDT,583648901,u_hani_taha,Hani Taha,,"""NIH data for the cumulative cases + daily reported cases was plotted to observe the increase in no. of cases for a period of 33 days. The current trajectory suggests an exponential increase in the no. of cases since the epidemic started in Pakistan 26th FEB"" #CovidinPakistan  pic.twitter.com/ZNp6hI9n1q",[],[],['https://pbs.twimg.com/media/EVjBYNKXgAI1FWR.png'],0,0,1,['#covidinpakistan'],[],https://twitter.com/u_hani_taha/status/1249961963431571457,False,,0,,,,,,,"[{'user_id': '583648901', 'username': 'u_hani_taha'}]"
1249372154740846593,1249372154740846593,1586708508000,2020-04-12,12:21:48,EDT,611838269,bhangoo85,coward,,"#covidinpakistan, my gugga â¤ï¸ telling precautionary measures, â¤ï¸â¤ï¸  pic.twitter.com/G6xbYqVJAX",[],[],[],4,1,9,['#covidinpakistan'],[],https://twitter.com/bhangoo85/status/1249372154740846593,False,,1,,,,,,,"[{'user_id': '611838269', 'username': 'bhangoo85'}]"
1249017361832779783,1249017361832779783,1586623919000,2020-04-11,12:51:59,EDT,111834254,imeanitttt,Sumera.m.k,,"It's alarming how Internal Medicine service is being burdened in the hospitals acroaa the world. Patients with fractured bones, patients admitted for AV fistulas, all being admitted under IM. Doctors from less burdened specialties should come forward to help IM. #Covidinpakistan",[],[],[],0,0,1,['#covidinpakistan'],[],https://twitter.com/IMEANITTTT/status/1249017361832779783,False,,0,,,,,,,"[{'user_id': '111834254', 'username': 'IMEANITTTT'}]"
1248263588902551555,1248263588902551555,1586444205000,2020-04-09,10:56:45,EDT,986193710,ut_umer,Muhammad Umer Tariq (U-T),,"#PoF #WahNobel (Pvt) Ltd delegation,(S G.M Marketing) handed over a batch of #sanitizers to #RCCI in fight against #CoronaVirus (#COVID-19). #covidinpakistan @GloriousRwp @RcciOfficial pic.twitter.com/JPX59ugLPg","['gloriousrwp', 'rcciofficial']",[],"['https://pbs.twimg.com/media/EVK5EODUwAEGUEg.jpg', 'https://pbs.twimg.com/media/EVK5F_vUMAAgE8h.jpg']",0,0,1,"['#pof', '#wahnobel', '#sanitizers', '#rcci', '#coronavirus', '#covid', '#covidinpakistan']",[],https://twitter.com/ut_umer/status/1248263588902551555,False,,0,,,,,,,"[{'user_id': '986193710', 'username': 'ut_umer'}, {'user_id': '1243907873928871948', 'username': 'GloriousRwp'}, {'user_id': '793440245463281668', 'username': 'RcciOfficial'}]"
1248248458005245953,1248248458005245953,1586440598000,2020-04-09,09:56:38,EDT,416285434,asimalii,Asim Ali,,Chief minister Balochistan ladies and gentlemen #covidinpakistan  https://twitter.com/jam_kamal/status/1247947077646237696Â â€¦,[],['https://twitter.com/jam_kamal/status/1247947077646237696'],[],0,0,2,['#covidinpakistan'],[],https://twitter.com/AsimAlii/status/1248248458005245953,False,https://twitter.com/jam_kamal/status/1247947077646237696,0,,,,,,,"[{'user_id': '416285434', 'username': 'AsimAlii'}]"
1247899511252385792,1247899511252385792,1586357402000,2020-04-08,10:50:02,EDT,1244524809448501248,samihas10251048,SAMI HASAN,,"Salaam, Everybody,  On this prayerful night  please include me in your prayers. May ALLAH bless you all. #covid19 #covidinpakistan #pef",[],[],[],0,0,0,"['#covid19', '#covidinpakistan', '#pef']",[],https://twitter.com/SAMIHAS10251048/status/1247899511252385792,False,,0,,,,,,,"[{'user_id': '1244524809448501248', 'username': 'SAMIHAS10251048'}]"
1247207880215924736,1247207880215924736,1586192505000,2020-04-06,13:01:45,EDT,488959642,rabiatkhan,Rabia T. Khan,,"Privledged to be part of the remote working economy, please DM me if I can help #covidinpakistan thanks @mfhusayn #PTI @ImranKhanPTI http://www.technologyreview.pk/can-we-fight-covid-19-without-acknowledging-the-global-social-injustice/Â â€¦","['mfhusayn', 'imrankhanpti']",['http://www.technologyreview.pk/can-we-fight-covid-19-without-acknowledging-the-global-social-injustice/'],[],1,1,8,"['#covidinpakistan', '#pti']",[],https://twitter.com/rabiatkhan/status/1247207880215924736,False,,0,,,,,,,"[{'user_id': '488959642', 'username': 'rabiatkhan'}, {'user_id': '498757556', 'username': 'mfhusayn'}, {'user_id': '122453931', 'username': 'ImranKhanPTI'}]"
1246690401433640960,1246690401433640960,1586069128000,2020-04-05,02:45:28,EDT,234132150,abidsuleri,Abid Qaiyum Suleri,,The unfolding tragedy of #Covid2019 is not only a trial of #PublicHealth #policy & #governance but also a test of political leadership.   My take on imp of strengthening coordination among federating units for an effective response to #COVIDInPakistan.    https://www.thenews.com.pk/tns/detail/638848-strengthening-federating-unitsÂ â€¦,[],['https://www.thenews.com.pk/tns/detail/638848-strengthening-federating-units'],[],7,24,73,"['#covid2019', '#publichealth', '#policy', '#governance', '#covidinpakistan']",[],https://twitter.com/Abidsuleri/status/1246690401433640960,False,,0,,,,,,,"[{'user_id': '234132150', 'username': 'Abidsuleri'}]"
1245992056461418497,1245992056461418497,1585902630000,2020-04-03,04:30:30,EDT,937669060141215749,feeltheislam786,Feel The Islam,,ÛŒØ§ Ø§Ù„Ù„Û Ù…Ø¬Ú¾Û’ Ù…ÙˆØª Ø¯Û’ Ø¯Ùˆ Ø¬Ù†Øª Ù…ÛŒÚº Ú©Ú¾Ø§Ù†Ø§ ØªÙˆ Ù…Ù„Û’ Ú¯Ø§  ÛŒØ§Ø¯ Ú©Ø±Ùˆ ÙÙ„Ø³Ø·ÛŒÙ† Ú©ÛŒ Ø¨Ú†ÛŒ Ú©Û’ ÛŒÛ Ø§Ù„ÙØ§Ø¸ Ø¬Ø¨ ÙÙ„Ø³Ø·ÛŒÙ† Ù¾Ø± Ø¸Ù„Ù… Ú©Ø± Ø±ÛÛ’ØªÚ¾Û’ Ø§Ø³Ø±Ø§Ø¦ÛŒÙ„ ÙˆØ§Ù„Û’ #covidinpakistan #KashmirLockdown #feeltheisalam,[],[],[],0,1,5,"['#covidinpakistan', '#kashmirlockdown', '#feeltheisalam']",[],https://twitter.com/FeelTheIslam786/status/1245992056461418497,False,,0,,,,,,,"[{'user_id': '937669060141215749', 'username': 'FeelTheIslam786'}]"
1245900143850913797,1245900143850913797,1585880716000,2020-04-02,22:25:16,EDT,144168856,samm_kml,Ø³Ù…ÛŒØ¹Û Ù†ÙˆØ±,,Pakistan s media is behaving in same manner as your best friend did few days ago . Nobody is helping Govt . You should be all together helping Govt . Itâ€™s not time to do play who is right and wrong . Itâ€™s time for solidarity .#COVIDinPakistan  https://twitter.com/AmirMateen2/status/1245890165270339586Â â€¦,[],['https://twitter.com/AmirMateen2/status/1245890165270339586'],[],0,1,1,['#covidinpakistan'],[],https://twitter.com/samm_kml/status/1245900143850913797,False,https://twitter.com/AmirMateen2/status/1245890165270339586,0,,,,,,,"[{'user_id': '144168856', 'username': 'samm_kml'}]"
1245377196920901638,1245377196920901638,1585756036000,2020-04-01,11:47:16,EDT,1209031021230002176,daastant,Daastan TV,,ÙˆÙØ§Ù‚ÛŒ Ø­Ú©ÙˆÙ…Øª Ù†Û’ Ú©ÙˆØ±ÙˆÙ†Ø§ ÙˆØ§Ø¦Ø±Ø³ Ú©Ø§ Ù¾Ú¾ÛŒÙ„Ø§Ø¤ Ø±ÙˆÚ©Ù†Û’ Ú©ÛŒÙ„Ø¦Û’ ØµÙˆØ¨ÙˆÚº Ú©ÛŒ Ø¬Ø§Ù†Ø¨ Ø³Û’ Ù†Ø§ÙØ° Ú©ÛŒÛ’ Ú¯Ø¦Û’ Ù„Ø§Ú© ÚˆØ§Ø¤Ù† Ú©ÛŒ Ù…Ø¯Øª Ù…ÛŒÚº Ù…Ø²ÛŒØ¯ 2 ÛÙØªÙˆÚº Ú©Ø§ Ø§Ø¶Ø§ÙÛ Ú©Ø±Ø¯ÛŒØ§ ÛÛ’ Ø¬Ø³ Ú©Û’ Ø¨Ø¹Ø¯ 14 Ø§Ù¾Ø±ÛŒÙ„ ØªÚ© Ù„Ø§Ú© ÚˆØ§Ø¤Ù† Ø¬Ø§Ø±ÛŒ Ø±ÛÛ’ Ú¯Ø§Û” #CoronainPakistan #COVIDinPakistan #Lahore #Pakistan #DaastanTV pic.twitter.com/myzhWclQ4m,[],[],['https://pbs.twimg.com/media/EUh3zGiWoAMrLCN.jpg'],0,0,0,"['#coronainpakistan', '#covidinpakistan', '#lahore', '#pakistan', '#daastantv']",[],https://twitter.com/DaastanT/status/1245377196920901638,False,,0,,,,,,,"[{'user_id': '1209031021230002176', 'username': 'DaastanT'}]"
1245376691444334593,1245376691444334593,1585755915000,2020-04-01,11:45:15,EDT,1209031021230002176,daastant,Daastan TV,,Ù…ÛŒÙˆ Ø§Ø³Ù¾ØªØ§Ù„ Ú©Û’ Ø³ÛŒ Ø§Ùˆ Ø§Ùˆ ÚˆØ§Ú©Ù¹Ø± Ø§Ø³Ø¯ Ø§Ø³Ù„Ù… Ú©Û’ Ù…Ø·Ø§Ø¨Ù‚  Ø§Ø³Ù¾ØªØ§Ù„ Ù…ÛŒÚº Ú©ÙˆØ±ÙˆÙ†Ø§ Ù¹ÛŒØ³Ù¹ Ù…Ø«Ø¨Øª Ø¢Ù†Û’ ÙˆØ§Ù„Û’ Ù…Ø±ÛŒØ¶ÙˆÚº Ù¾Ø± Ù…Ù„ÛŒØ±ÛŒØ§ Ú©ÛŒ Ø¯ÙˆØ§ Ø³ØªØ¹Ù…Ø§Ù„ Ú©ÛŒ Ø¬Ø§Ø±ÛÛŒ ÛÛ’ØŒ Ù…ÛŒÙˆØ§Ø³Ù¾ØªØ§Ù„ Ù„Ø§ÛÙˆØ± Ù…ÛŒÚº 15 Ø¯Ù† Ù…ÛŒÚº 8 Ù…Ø±ÛŒØ¶ ØµØ­Øª ÛŒØ§Ø¨ ÛÙˆÚ©Ø± Ú¯Ú¾Ø± Ø¬Ø§Ú†Ú©Û’ ÛÛŒÚº #CoronainPakistan #COVIDinPakistan #Lahore #Pakistan #DaastanTV pic.twitter.com/fMaGyx31so,[],[],['https://pbs.twimg.com/media/EUh3e4tWAAEepLl.jpg'],0,0,0,"['#coronainpakistan', '#covidinpakistan', '#lahore', '#pakistan', '#daastantv']",[],https://twitter.com/DaastanT/status/1245376691444334593,False,,0,,,,,,,"[{'user_id': '1209031021230002176', 'username': 'DaastanT'}]"
1245040594860326913,1245040594860326913,1585675784000,2020-03-31,13:29:44,EDT,1209031021230002176,daastant,Daastan TV,,Ù¾Ø±ØªÚ¯Ø§Ù„ Ú©Û’ Ø´ÛØ±Û Ø¢ÙØ§Ù‚ ÙÙ¹Ø¨Ø§Ù„Ø± Ú©Ø±Ø³Ù¹ÛŒØ§Ù†Ùˆ Ø±ÙˆÙ†Ø§Ù„ÚˆÙˆ Ø§ÙˆØ± Ø§Ù† Ú©Û’ ÙÙ¹Ø¨Ø§Ù„ Ú©Ù„Ø¨ Ø¬ÙˆÙˆÛŒÙ†Ù¹Ø³ Ú©Û’ Ú©ÙˆÚ† Ù…Ø§Ø±ÛŒØ²ÛŒÙˆ Ø³Ø±ÛŒ Ù†Û’ Ø§Ù¾Ù†Û’ Ø¯ÛŒÚ¯Ø± Ø³Ø§ØªÚ¾ÛŒÙˆÚº 4 Ù…Ø§Û Ú©ÛŒ ØªÙ†Ø®ÙˆØ§Û Ù†Û Ù„ÛŒÙ†Û’ Ú©Ø§ Ø§Ø¹Ù„Ø§Ù† Ú©ÛŒØ§ ÛÛ’Û”  #coronainpakistan #CristianoRonaldo #CovidinPakistan #DaastanTV pic.twitter.com/37TJxLVIoI,[],[],['https://pbs.twimg.com/media/EUdFzu0WoAEAKsF.jpg'],0,0,0,"['#coronainpakistan', '#cristianoronaldo', '#covidinpakistan', '#daastantv']",[],https://twitter.com/DaastanT/status/1245040594860326913,False,,0,,,,,,,"[{'user_id': '1209031021230002176', 'username': 'DaastanT'}]"
1244929923992686592,1244929923992686592,1585649398000,2020-03-31,06:09:58,EDT,1074981019135152129,latiful21426188,Latif Ullah,,We have started our effort to contribute our strength towards our village Shahmansoor. May Allah (SWT) make us faithful to our vows. Together We Can Do It.  #IndependentSocialWelfareOrganization #ISO #covid_19 #covidinpakistan  pic.twitter.com/6KPIFcfLmS,[],[],['https://pbs.twimg.com/media/EUbhKMcXQAEnKgi.jpg'],0,0,2,"['#independentsocialwelfareorganization', '#iso', '#covid_19', '#covidinpakistan']",[],https://twitter.com/Latiful21426188/status/1244929923992686592,False,,0,,,,,,,"[{'user_id': '1074981019135152129', 'username': 'Latiful21426188'}]"
1244174605704523777,1243928076083286016,1585469316000,2020-03-29,04:08:36,EDT,743419379690287107,bindshan2,à¤¬à¤¿à¤‚à¤¦à¥ BindShanğŸš©ğŸ•‰ï¸,,How much @ndtv has donated to Pakistan for #covidinpakistan relief fund ğŸ¤”,"['ndtv', 'jkpsfc']",[],[],0,0,0,['#covidinpakistan'],[],https://twitter.com/bindshan2/status/1244174605704523777,False,,0,,,,,,,"[{'user_id': '743419379690287107', 'username': 'bindshan2'}, {'user_id': '37034483', 'username': 'ndtv'}, {'user_id': '787351795165114368', 'username': 'jkpsfc'}]"
1243550049390354433,1243550049390354433,1585320410000,2020-03-27,10:46:50,EDT,608048932,bennett_holiday,Bennett Holiday,,So finally @ImranKhanPTI announces #CoronaReliefTiger or #CoronaTigers #CoronaReliefTigerForce to counter #CovidInPakistan. Wish you God speed @ImranKhanPTI and #CoronaTigers.  #CoronaLockdown #coronavirusinpakistan #HumainTumsePyarHai #StayAwareStaySafe #VolunteersHazirHain pic.twitter.com/HG911pJmPz,['imrankhanpti'],[],['https://pbs.twimg.com/media/EUH5rN8U0AAbqTV.jpg'],0,1,1,"['#coronarelieftiger', '#coronatigers', '#coronarelieftigerforce', '#covidinpakistan', '#coronatigers', '#coronalockdown', '#coronavirusinpakistan', '#humaintumsepyarhai', '#stayawarestaysafe', '#volunteershazirhain']",[],https://twitter.com/bennett_holiday/status/1243550049390354433,False,,0,,,,,,,"[{'user_id': '608048932', 'username': 'bennett_holiday'}, {'user_id': '122453931', 'username': 'ImranKhanPTI'}]"
1243470324571742208,1243470324571742208,1585301402000,2020-03-27,05:30:02,EDT,1198510240444092419,malikha82214498,Malik Habib MH,,#covidinpakistan #shame_on_buzdar lahore me corona khy mareezka hal  https://youtu.be/SEoZ-SjyriwÂ  via @YouTube,['youtube'],['https://youtu.be/SEoZ-Sjyriw'],[],0,0,0,"['#covidinpakistan', '#shame_on_buzdar']",[],https://twitter.com/MalikHa82214498/status/1243470324571742208,False,,0,,,,,,,"[{'user_id': '1198510240444092419', 'username': 'MalikHa82214498'}, {'user_id': '10228272', 'username': 'YouTube'}]"
1243459817848659969,1243459817848659969,1585298897000,2020-03-27,04:48:17,EDT,1035173022892732416,alixohaib91,Zohaib Ali,,"Please isolate yourself before you regret, Why I-SO-LATE?  #StaySafeStayHome #WashYourHands #COVIDinPakistan",[],[],[],0,0,1,"['#staysafestayhome', '#washyourhands', '#covidinpakistan']",[],https://twitter.com/alixohaib91/status/1243459817848659969,False,,0,,,,,,,"[{'user_id': '1035173022892732416', 'username': 'alixohaib91'}]"
1243354004622434304,1243354004622434304,1585273669000,2020-03-26,21:47:49,EDT,1187215437869633538,visalmama,Soma,,#COVID19 #covidinPakistan @Rntk____ https://twitter.com/Visalmama/status/1243353722811346950Â â€¦,['rntk____'],['https://twitter.com/Visalmama/status/1243353722811346950'],[],0,0,0,"['#covid19', '#covidinpakistan']",[],https://twitter.com/Visalmama/status/1243354004622434304,False,https://twitter.com/Visalmama/status/1243353722811346950,0,,,,,,,"[{'user_id': '1187215437869633538', 'username': 'Visalmama'}, {'user_id': '1214531076929908736', 'username': 'Rntk____'}]"
1242445058080681990,1242445058080681990,1585056960000,2020-03-24,09:36:00,EDT,241058050,annoi7,Ain Fatema,,Ú©ÛŒØ§ Ø§ØªÙ†Ø§ Ø¨Û’ Ø´Ø±Ù… Ù…ÛŒÚˆÛŒØ§ ÛÛ’ Ú©Ø³ÛŒ Ø§ÙˆØ± Ù…Ù„Ú©Ù Ù…ÛŒÚºØŸØŸ Ø§ÙˆØ± Ú©ÛŒØ§ Ø§ØªÙ†Ø§ ØµØ¨Ø± Ùˆ ØªØ­Ù…Ù„ ÙˆØ§Ù„Ø§ Ù„ÛŒÚˆØ± ÛÛ’ Ú©Ø³ÛŒ Ø§ÙˆØ± Ù…Ù„Ú© Ú©Û’ Ù¾Ø§Ø³ØŸØŸ  Ú©ÛŒØ§ Ú©Ø±Ù†Ø§ Ú†Ø§ÛØ¦Û’ ÛÛ’ Ø§ÛŒØ³Û’ Ø¶Ù…ÛŒØ± ÙØ±ÙˆØ´ Ø§ÙˆØ± Ù†Ø§ Ø´Ú©Ø±Û’ Ù…ÛŒÚˆÛŒØ§ Ú©Û’ Ø³Ø§ØªÚ¾ØŸØŸ  #Ø­Ø±Ø§Ù…ÛŒ_Ù…ÛŒÚˆÛŒØ§ #COVIDãƒ¼19 #COVID19 #CovidInPakistan #CoronaVirusUpdate,[],[],[],0,0,0,"['#Ø­Ø±Ø§Ù…ÛŒ_Ù…ÛŒÚˆÛŒØ§', '#covidãƒ¼19', '#covid19', '#covidinpakistan', '#coronavirusupdate']",[],https://twitter.com/Annoi7/status/1242445058080681990,False,,0,,,,,,,"[{'user_id': '241058050', 'username': 'Annoi7'}]"
1242009622522839040,1242009622522839040,1584953144000,2020-03-23,04:45:44,EDT,1035173022892732416,alixohaib91,Zohaib Ali,,This outbreak made us realise that controlling childrens are more easier than controlling adults. That's why Pakistan government should now force the armies to take actions on these kind of ignorance people. #COVIDinPakistan  pic.twitter.com/0KI1AajBrW,[],[],['https://pbs.twimg.com/media/ETyBJnHWkAADWWQ.jpg'],0,0,0,['#covidinpakistan'],[],https://twitter.com/alixohaib91/status/1242009622522839040,False,,0,,,,,,,"[{'user_id': '1035173022892732416', 'username': 'alixohaib91'}]"
1241727082188673024,1241723718251970560,1584885781000,2020-03-22,10:03:01,EDT,893211059724668929,naveedkhan237,Naveed Khan,,"Strange wish we pakistani take this emergency situation o covid seriously. Just saw in G13, islamabad outside the house someone setup dastarkhwan fir free food...and around 30 to 40 persons were sitting so conjusted n eating+ enjoying the food. Kash hm samjh skty #covidinpakistan",[],[],[],0,0,0,['#covidinpakistan'],[],https://twitter.com/Naveedkhan237/status/1241727082188673024,False,,0,,,,,,,"[{'user_id': '893211059724668929', 'username': 'Naveedkhan237'}]"
1241415364954775555,1241415364954775555,1584811462000,2020-03-21,13:24:22,EDT,1239132885019504640,nabila83363260,Nabila,,#COVIDInPakistan  pic.twitter.com/FWsJlsRdO4,[],[],['https://pbs.twimg.com/media/ETpkjGzXYAQZnx9.png'],0,0,1,['#covidinpakistan'],[],https://twitter.com/Nabila83363260/status/1241415364954775555,False,,0,,,,,,,"[{'user_id': '1239132885019504640', 'username': 'Nabila83363260'}]"
1241352682713071621,1241352682713071621,1584796517000,2020-03-21,09:15:17,EDT,1239132885019504640,nabila83363260,Nabila,,#CovidInPakistan  https://twitter.com/Nabila83363260/status/1241331572978208770Â â€¦,[],['https://twitter.com/Nabila83363260/status/1241331572978208770'],[],0,0,1,['#covidinpakistan'],[],https://twitter.com/Nabila83363260/status/1241352682713071621,False,https://twitter.com/Nabila83363260/status/1241331572978208770,0,,,,,,,"[{'user_id': '1239132885019504640', 'username': 'Nabila83363260'}]"
1241112904256143362,1241112904256143362,1584739349000,2020-03-20,17:22:29,EDT,1346899921,fuchsia_mag,FUCHSIA,,Actions speak louder than words! And they've got it just about right! #SocialDistancing #Covid_19 #covidinpakistan #lockdown #coronavirus #CoronaInPakistan #SundayMotivation #CoronaCrisis https://twitter.com/ohTEEJ/status/1240748687187476482Â â€¦,[],['https://twitter.com/ohTEEJ/status/1240748687187476482'],[],0,0,1,"['#socialdistancing', '#covid_19', '#covidinpakistan', '#lockdown', '#coronavirus', '#coronainpakistan', '#sundaymotivation', '#coronacrisis']",[],https://twitter.com/fuchsia_mag/status/1241112904256143362,False,https://twitter.com/ohTEEJ/status/1240748687187476482,0,,,,,,,"[{'user_id': '1346899921', 'username': 'fuchsia_mag'}]"
1240959473881096192,1240959473881096192,1584702769000,2020-03-20,07:12:49,EDT,98918647,arsalanghumman,Arsalan Taj,,It is very petty of those who are trying political point scoring in this critical times.  There will come a time when you may satisfy your â€œbughzâ€ but it is not the right time.  #karachi #covidinpakistan,[],[],[],2,5,12,"['#karachi', '#covidinpakistan']",[],https://twitter.com/ArsalanGhumman/status/1240959473881096192,False,,0,,,,,,,"[{'user_id': '98918647', 'username': 'ArsalanGhumman'}]"
1240340029215510528,1240340029215510528,1584555082000,2020-03-18,14:11:22,EDT,1512806768,ziddihaseena,Fatima Hus,,#CovidinPakistan #Shia Bhai ye Kundo wali aunties ko samjhae koi!!! Plz retweet. #Karachi #GeoNews #CoronaVirusChallenge,[],[],[],0,0,1,"['#covidinpakistan', '#shia', '#karachi', '#geonews', '#coronaviruschallenge']",[],https://twitter.com/ziddihaseena/status/1240340029215510528,False,,0,,,,,,,"[{'user_id': '1512806768', 'username': 'ziddihaseena'}]"
1239566056521437185,1239566056521437185,1584370552000,2020-03-16,10:55:52,EDT,86748782,shamylmansoor,shamyl mansoor,,At @learnobots we're making sure we keep our #team as well as everyone else safe. Figuring out ways to work remotely!  #COVID2019 #covidinPakistan  pic.twitter.com/XXvgWdVqOE,['learnobots'],[],['https://pbs.twimg.com/media/ETPSfc3WkAAmofL.jpg'],0,0,11,"['#team', '#covid2019', '#covidinpakistan']",[],https://twitter.com/shamylmansoor/status/1239566056521437185,False,,0,,,,,,,"[{'user_id': '86748782', 'username': 'shamylmansoor'}, {'user_id': '2591696384', 'username': 'learnobots'}]"
1239278206903033858,1239278206903033858,1584301923000,2020-03-15,15:52:03,EDT,1712259817,mamoonahch,Mamoona Chaudhry,,COVID-19 situation in Pakistan.   #COVID19 #covidinPakistan #CoronaVirusPakistan pic.twitter.com/vTolMOiqGZ,[],[],['https://pbs.twimg.com/media/ETLMls5XYAILnWE.jpg'],1,1,2,"['#covid19', '#covidinpakistan', '#coronaviruspakistan']",[],https://twitter.com/MamoonaHCh/status/1239278206903033858,False,,0,,,,,,,"[{'user_id': '1712259817', 'username': 'MamoonaHCh'}]"
1238036688968069125,1238036688968069125,1584005922000,2020-03-12,05:38:42,EDT,2228010763,szeeshanppp,SyedZeeshanPPP,,Ø­Ú©ÙˆÙ…Øª Ú©Ùˆ Ú†Ø§ÛÛŒÛ’ Ú©Û ÙˆÛ Ù…Ø§Ø³Ú© ÛÛŒÙ†Úˆ Ú¯Ù„Ù Ø§ÙˆØ± Ø³ÛŒÙ†ÛŒÙ¹Ø§Ø²Ø± Ø¨Ù†Ø§Ù†Û’ ÙˆØ§Ù„ÛŒ Ú©Ù…Ù¾Ù†ÛŒÙˆÚº Ø§ÛŒÙ…Ø±Ø¬Ù†Ø³ÛŒ Ø¨Ù†ÛŒØ§Ø¯ÙˆÚº Ú©Ø§Ù… Ú©Ø±Ù†Û’ Ú©Ø§ Ø­Ú©Ù… Ø¯ÛŒÛ’ Ø§ÙˆØ± Ø§Ù†ÛÛŒÚº Ù¹ÛŒÚ©Ø³ ÙØ±ÛŒ Ú©Ø±Ø¯Û’ Ø§ÙˆØ± Ø¬Ú¯ÛÙˆÚº Ú©ÛŒ ØµÙØ§Ø¦ÛŒ Ú©Ùˆ ÛŒÙ‚ÛŒÙ†ÛŒ Ø¨Ù†Ø§ Ø¬ÛØ§Úº Ø¬ÛØ§Úº Ú©ÙˆØ±ÙˆÙ†Ø§ ÙˆØ§Ø¦Ø±Ø³ Ú©Û’ Ù…Ø±ÛŒØ¶ Ú¯Ø²Ø±Û’ ÛŒØ§ ÛØ§ØªÚ¾ Ù„Ú¯Ø§ÛŒØ§ #CaronaVirusInPakistan #COVIDInPakistan #Pakistan #PTIGovSleeping,[],[],[],0,0,0,"['#caronavirusinpakistan', '#covidinpakistan', '#pakistan', '#ptigovsleeping']",[],https://twitter.com/SZeeshanPPP/status/1238036688968069125,False,,0,,,,,,,"[{'user_id': '2228010763', 'username': 'SZeeshanPPP'}]"
1259062681149026304,1259062681149026304,1589018910000,2020-05-09,06:08:30,EDT,991262527,ayeshakakakheil,Ayesha,,I was tested POSITIVE for #Covid_19  today. I have mild to moderate symptoms and isolated myself at home. Keep me in your prayers.  #StayHome #lockdownpakistan #covid19inpakistan,[],[],[],10,0,5,"['#covid_19', '#stayhome', '#lockdownpakistan', '#covid19inpakistan']",[],https://twitter.com/Ayeshakakakheil/status/1259062681149026304,False,,0,,,,,,,"[{'user_id': '991262527', 'username': 'Ayeshakakakheil'}]"
1258489649330376705,1258489649330376705,1588882288000,2020-05-07,16:11:28,EDT,1009100776143314944,usmanmirza26,UsmaÙ† MirØ²a ğŸ‘‘,,"The federal government has announced to end the lock down, but people have to be very careful and avoid the spread of corona.  #COVIDisNotFlu #COVID19 #covid19inpakistan #LockdownEnd pic.twitter.com/OsJF987Evo",[],[],['https://pbs.twimg.com/media/EXcNbAiXYAE7_A-.jpg'],0,0,2,"['#covidisnotflu', '#covid19', '#covid19inpakistan', '#lockdownend']",[],https://twitter.com/UsmanMirza26/status/1258489649330376705,False,,0,,,,,,,"[{'user_id': '1009100776143314944', 'username': 'UsmanMirza26'}]"
1258476522618437632,1258476522618437632,1588879159000,2020-05-07,15:19:19,EDT,2833837928,aryvideos,ARY Videos,,Ù†Ø¨ÛŒÙ„ Ú¯Ø¨ÙˆÙ„ Ú©Ø§ Ù…ÛŒÚˆÛŒØ§ Ù¾Ø± Ø§Ù„Ø²Ø§Ù…ØŒ ÙˆÙ„ÛŒØ¯ Ø§Ù‚Ø¨Ø§Ù„ Ú©Ø§ Ú©Ø±Ø§Ø±Ø§ Ø¬ÙˆØ§Ø¨. Ù„Ø§Ú© ÚˆØ§Ø¤Ù† Ù…ÛŒÚº Ù†Ø±Ù…ÛŒ Ú©Û’ Ø­ÙˆØ§Ù„Û’ Ø³Û’ Ø§ÛÙ… Ú¯ÙØªÚ¯Ùˆ #PMImranKhan #COVID19InPakistan #EleventhHour https://videos.arynews.tv/pti-leader-waleed-iqbal-explains-the-ease-policy-in-lock-down/Â â€¦,[],['https://videos.arynews.tv/pti-leader-waleed-iqbal-explains-the-ease-policy-in-lock-down/'],[],0,0,0,"['#pmimrankhan', '#covid19inpakistan', '#eleventhhour']",[],https://twitter.com/ARYVideos/status/1258476522618437632,False,,0,,,,,,,"[{'user_id': '2833837928', 'username': 'ARYVideos'}]"
1258467900869902336,1258467900869902336,1588877103000,2020-05-07,14:45:03,EDT,2833837928,aryvideos,ARY Videos,,Ù„Ø§Ú© ÚˆØ§Ø¤Ù† Ù…ÛŒÚº Ù†Ø±Ù…ÛŒ Ú©Ø§ ÙÛŒØµÙ„Û ØªØ§ÛÙ… Ú©ÛŒØ³Ø² Ú©ÛŒ ØªØ¹Ø¯Ø§Ø¯ Ù…ÛŒÚº Ø¨Ø¯Ø³ØªÙˆØ± Ø§Ø¶Ø§ÙÛØŒ ØªØ§Ø²Û ØµÙˆØ±ØªØ­Ø§Ù„ Ú©ÛŒØ§ØŸ #PMImranKhan #COVID19InPakistan #EleventhHour https://videos.arynews.tv/covid-19-what-is-the-latest-situation-in-pakistan-so-far/Â â€¦,[],['https://videos.arynews.tv/covid-19-what-is-the-latest-situation-in-pakistan-so-far/'],[],0,0,2,"['#pmimrankhan', '#covid19inpakistan', '#eleventhhour']",[],https://twitter.com/ARYVideos/status/1258467900869902336,False,,0,,,,,,,"[{'user_id': '2833837928', 'username': 'ARYVideos'}]"
1258445866530193408,1258445866530193408,1588871850000,2020-05-07,13:17:30,EDT,543009407,sbi121,Noman Siddiqui,,Ú©ÛŒØ³Ø² Ø¨Ú‘Ú¾ Ø±ÛÛ’ ÛÛŒÚº Ø§ÙˆØ± ÛÙ… Ù„Ø§Ú© ÚˆØ§Ø¤Ù† Ú©Ú¾ÙˆÙ„Ù†Û’ Ú©ÛŒ Ø·Ø±Ù Ø¬Ø§ Ø±ÛÛ’ ÛÛŒÚºÛ”Ø§Ø³ Ø¯ÛŒØ³ Ú©Ø§ Ø¨Ø§ÙˆØ§ Ø¢Ø¯Ù… ÛÛŒ Ù†Ø±Ø§Ù„Ø§ ÛÛ’ğŸ˜ #Covid19inPakistan #LockdownEnd,[],[],[],0,0,1,"['#covid19inpakistan', '#lockdownend']",[],https://twitter.com/sbi121/status/1258445866530193408,False,,0,,,,,,,"[{'user_id': '543009407', 'username': 'sbi121'}]"
1258438804999938055,1258438804999938055,1588870166000,2020-05-07,12:49:26,EDT,2833837928,aryvideos,ARY Videos,,Ù„Ø§Ú© ÚˆØ§Ø¤Ù† Ù…ÛŒÚº Ù†Ø±Ù…ÛŒ Ú©Û’ Ø¨Ø¹Ø¯ Ø§ÛŒØ³ Ø§Ùˆ Ù¾ÛŒØ² Ú©ÛŒ Ù¾Ø§Ø¨Ù†Ø¯ÛŒ Ù†Û Ú©Ø±Ù†Û’ ÙˆØ§Ù„ÙˆÚº Ú©Û’ Ø³Ø§ØªÚ¾ Ú©ÛŒØ§ ÛÙˆÚ¯Ø§ØŸ #PMImranKhan #COVID19InPakistan #offtherecord https://videos.arynews.tv/what-sops-should-you-follow-after-the-ease-in-lock-down/Â â€¦,[],['https://videos.arynews.tv/what-sops-should-you-follow-after-the-ease-in-lock-down/'],[],0,0,3,"['#pmimrankhan', '#covid19inpakistan', '#offtherecord']",[],https://twitter.com/ARYVideos/status/1258438804999938055,False,,0,,,,,,,"[{'user_id': '2833837928', 'username': 'ARYVideos'}]"
1258431161187082244,1258431161187082244,1588868344000,2020-05-07,12:19:04,EDT,2833837928,aryvideos,ARY Videos,,Ú©ÛŒØ§ Ú©ÙˆØ¦Ù¹Û Ù…ÛŒÚº 80ÙÛŒØµØ¯ Ù„ÙˆÚ¯ Ú©ÙˆØ±ÙˆÙ†Ø§ ÙˆØ§Ø¦Ø±Ø³ Ù…ÛŒÚº Ù…Ø¨ØªÙ„Ø§ ÛÙˆÚ†Ú©Û’ ÛÛŒÚºØŸ ÛÙˆØ´ Ø±Ø¨Ø§ Ø§Ù†Ú©Ø´Ø§Ù #PMImranKhan #COVID19InPakistan #OffTheRecord https://videos.arynews.tv/positive-cases-for-covid-19-increasing-in-quetta/Â â€¦,[],['https://videos.arynews.tv/positive-cases-for-covid-19-increasing-in-quetta/'],[],1,0,4,"['#pmimrankhan', '#covid19inpakistan', '#offtherecord']",[],https://twitter.com/ARYVideos/status/1258431161187082244,False,,0,,,,,,,"[{'user_id': '2833837928', 'username': 'ARYVideos'}]"
1258427289223802881,1258427289223802881,1588867420000,2020-05-07,12:03:40,EDT,2833837928,aryvideos,ARY Videos,,ÙˆØ²ÛŒØ± Ø§Ø¹Ø¸Ù… Ù†Û’ ØºØ±ÛŒØ¨ Ø¹ÙˆØ§Ù… Ú©Ùˆ ØªØ±Ø¬ÛŒØ­ Ø¯ÛŒØŸ Ù„Ø§Ú© ÚˆØ§Ø¤Ù† Ù…ÛŒÚº Ù†Ø±Ù…ÛŒ Ú©ÛŒ ÙˆØ¬Û Ú©ÛŒØ§ØŸ Ø¹Ù„ÛŒ Ø²ÛŒØ¯ÛŒ Ú©ÛŒ Ú¯ÙØªÚ¯Ùˆ #PMImranKhan #COVID19InPakistan #OffTheRecord https://videos.arynews.tv/pm-imran-khan-decides-to-ease-lock-down-in-pakistan/Â â€¦,[],['https://videos.arynews.tv/pm-imran-khan-decides-to-ease-lock-down-in-pakistan/'],[],0,0,3,"['#pmimrankhan', '#covid19inpakistan', '#offtherecord']",[],https://twitter.com/ARYVideos/status/1258427289223802881,False,,0,,,,,,,"[{'user_id': '2833837928', 'username': 'ARYVideos'}]"
1258346224362622977,1258346224362622977,1588848093000,2020-05-07,06:41:33,EDT,755621846,sidra18650,`~Sidra~`,,Kindly someone tell this to our moms. I have been forced to drink hot water since April 1st. :D  #covid19inpakistan  https://twitter.com/AKUGlobal/status/1257530187320868865Â â€¦,[],['https://twitter.com/AKUGlobal/status/1257530187320868865'],[],0,0,1,['#covid19inpakistan'],[],https://twitter.com/sidra18650/status/1258346224362622977,False,https://twitter.com/AKUGlobal/status/1257530187320868865,0,,,,,,,"[{'user_id': '755621846', 'username': 'sidra18650'}]"
1258089216086548480,1258089216086548480,1588786817000,2020-05-06,13:40:17,EDT,2833837928,aryvideos,ARY Videos,,Ø®ÛŒØ¨Ø±Ù¾Ø®ØªÙˆÙ†Ø®ÙˆØ§Û ÙˆÙˆÛØ§Ù† Ø¨Ù†Ù†Û’ ÙˆØ§Ù„Ø§ ÛÛ’. Ø§Ø±Ø´Ø§Ø¯ Ø¨Ú¾Ù¹ÛŒ Ù†Û’ ÙˆØ¬Û Ø¨ØªØ§Ø¯ÛŒ #PMImranKhan #COVID19InPakistan #IrshadBhatti https://videos.arynews.tv/kp-to-become-next-wuhan-warns-irshad-bhatti/Â â€¦,[],['https://videos.arynews.tv/kp-to-become-next-wuhan-warns-irshad-bhatti/'],[],2,0,1,"['#pmimrankhan', '#covid19inpakistan', '#irshadbhatti']",[],https://twitter.com/ARYVideos/status/1258089216086548480,False,,0,,,,,,,"[{'user_id': '2833837928', 'username': 'ARYVideos'}]"
1258021701679493121,1258021701679493121,1588770721000,2020-05-06,09:12:01,EDT,1253433546812915712,wazirzuhan,ZUHAN WAZIR,,I am again saying if exams takes place then they'll be the examiner  #Saynotoboardexams #noexams #covid19inpakistan #fbise # pic.twitter.com/8PTJKTtmOu,[],[],['https://pbs.twimg.com/media/EXVkD5rVAAIAc8J.jpg'],1,6,4,"['#saynotoboardexams', '#noexams', '#covid19inpakistan', '#fbise']",[],https://twitter.com/WazirZuhan/status/1258021701679493121,False,,0,,,,,,,"[{'user_id': '1253433546812915712', 'username': 'WazirZuhan'}]"
1256557340167303169,1256557340167303169,1588421590000,2020-05-02,08:13:10,EDT,868007548586274816,dbhaskarhindi,Dainik Bhaskar Hindi,,#Lockdown: à¤•à¥‹à¤°à¥‹à¤¨à¤¾ à¤µà¤¾à¤¯à¤°à¤¸ à¤•à¥‡ à¤¬à¥€à¤š 5 à¤®à¤ˆ à¤•à¥‹ 193 à¤ªà¤¾à¤•à¤¿à¤¸à¥à¤¤à¤¾à¤¨à¥€ à¤¨à¤¾à¤—à¤°à¤¿à¤•à¥‹à¤‚ à¤•à¥‹ à¤‰à¤¨à¤•à¥‡ à¤˜à¤° à¤­à¥‡à¤œà¥‡à¤—à¥€ à¤•à¥‡à¤‚à¤¦à¥à¤° à¤¸à¤°à¤•à¤¾à¤° #Coronavirus #COVID19inPakistan #MEA  https://www.bhaskarhindi.com/national/news/lock-down-central-government-permits-193-pakistan-nationals-to-return-on-may-five-126382Â â€¦ pic.twitter.com/Ate2fcLBvU,[],['https://www.bhaskarhindi.com/national/news/lock-down-central-government-permits-193-pakistan-nationals-to-return-on-may-five-126382'],['https://pbs.twimg.com/media/EXAwO-MWkAAGi6H.jpg'],0,0,2,"['#lockdown', '#coronavirus', '#covid19inpakistan', '#mea']",[],https://twitter.com/DBhaskarHindi/status/1256557340167303169,False,,0,,,,,,,"[{'user_id': '868007548586274816', 'username': 'DBhaskarHindi'}]"
1255950151446933504,1255950151446933504,1588276825000,2020-04-30,16:00:25,EDT,2833837928,aryvideos,ARY Videos,,ARY NEWS HEADLINES | 12 AM | 1st MAY 2020 #PMImranKhan #COVID19InPakistan #AsadQaiser https://videos.arynews.tv/ary-news-headlines-12-am-1st-may-2020/Â â€¦,[],['https://videos.arynews.tv/ary-news-headlines-12-am-1st-may-2020/'],[],0,1,1,"['#pmimrankhan', '#covid19inpakistan', '#asadqaiser']",[],https://twitter.com/ARYVideos/status/1255950151446933504,False,,0,,,,,,,"[{'user_id': '2833837928', 'username': 'ARYVideos'}]"
1255942770428194817,1255942770428194817,1588275065000,2020-04-30,15:31:05,EDT,2833837928,aryvideos,ARY Videos,,Ú©ÙˆØ±ÙˆÙ†Ø§ ÙˆØ§Ø¦Ø±Ø³ Ú©Û’ Ø­ÙˆØ§Ù„Û’ Ø³Û’ Ø¢Ù¾ Ú©Û’ Ø³ÙˆØ§Ù„Ø§Øª Ø§ÙˆØ± Ø·Ø¨ÛŒ Ù…Ø§ÛØ±ÛŒÙ† Ú©Û’ Ø¬ÙˆØ§Ø¨Ø§ØªØŒ Ù¹ÛŒØ³Ù¹ Ú©Ø§ Ù†ÛŒØ§ Ø·Ø±ÛŒÙ‚Û Ú©ÛŒØ§ØŸ #PMImranKhan #COVID19InPakistan #11thHour https://videos.arynews.tv/covid-19-answers-of-the-most-asked-questions/Â â€¦,[],['https://videos.arynews.tv/covid-19-answers-of-the-most-asked-questions/'],[],0,0,0,"['#pmimrankhan', '#covid19inpakistan', '#11thhour']",[],https://twitter.com/ARYVideos/status/1255942770428194817,False,,0,,,,,,,"[{'user_id': '2833837928', 'username': 'ARYVideos'}]"
1255939139347808257,1255939139347808257,1588274199000,2020-04-30,15:16:39,EDT,2833837928,aryvideos,ARY Videos,,ÙˆÛ Ø·Ø±ÛŒÙ‚Û Ø¬Ø³ Ø³Û’ Ø¢Ù¾ Ú©ÙˆØ±ÙˆÙ†Ø§ Ø³Û’ 95% Ø¨Ú† Ø³Ú©ØªÛ’ ÛÛŒÚºØŒ Ø·Ø¨ÛŒ Ù…Ø§ÛØ±ÛŒÙ† Ú©ÛŒ ØªÙØµÛŒÙ„ÛŒ Ú¯ÙØªÚ¯Ùˆ #CoronaVirusPakistan #COVID19InPakistan #11thHour https://videos.arynews.tv/the-most-important-precautionary-measures-to-avoid-covid-19/Â â€¦,[],['https://videos.arynews.tv/the-most-important-precautionary-measures-to-avoid-covid-19/'],[],0,0,1,"['#coronaviruspakistan', '#covid19inpakistan', '#11thhour']",[],https://twitter.com/ARYVideos/status/1255939139347808257,False,,0,,,,,,,"[{'user_id': '2833837928', 'username': 'ARYVideos'}]"
1255930965261680641,1255930965261680641,1588272250000,2020-04-30,14:44:10,EDT,2833837928,aryvideos,ARY Videos,,Ø§Ø³Ù¾ÛŒÚ©Ø± Ù‚ÙˆÙ…ÛŒ Ø§Ø³Ù…Ø¨Ù„ÛŒ Ø§Ø³Ø¯ Ù‚ÛŒØµØ± Ú©Ø§ Ú©ÙˆØ±ÙˆÙ†Ø§ Ù¹ÛŒØ³Ù¹ Ù…Ø«Ø¨Øª. Ø®Ø§Ù†Ø¯Ø§Ù† Ø¨Ú¾ÛŒ Ù…ØªØ§Ø«Ø±ØŒ Ø§Ù„ÛŒÙˆÙ†ØªÚ¾ Ø¢ÙˆØ± Ù…ÛŒÚº Ø®ØµÙˆØµÛŒ Ú¯ÙØªÚ¯Ùˆ #PMImranKhan #COVID19InPakistan #AsadQaiser @WaseemBadami https://videos.arynews.tv/speaker-national-assembly-asad-qaiser-tests-positive-for-covid-19/Â â€¦,['waseembadami'],['https://videos.arynews.tv/speaker-national-assembly-asad-qaiser-tests-positive-for-covid-19/'],[],1,2,11,"['#pmimrankhan', '#covid19inpakistan', '#asadqaiser']",[],https://twitter.com/ARYVideos/status/1255930965261680641,False,,0,,,,,,,"[{'user_id': '2833837928', 'username': 'ARYVideos'}, {'user_id': '903495284', 'username': 'WaseemBadami'}]"
1255899918931238912,1255899918931238912,1588264848000,2020-04-30,12:40:48,EDT,2833837928,aryvideos,ARY Videos,,ÙˆÙØ§Ù‚ÛŒ Ø²ÛŒØ± Ø¹Ù„ÛŒ Ø²ÛŒØ¯ÛŒ Ù†Û’ Ø¨Ú¾ÛŒ Ø§Ù¾Ù†Ø§ Ú©ÙˆØ±ÙˆÙ†Ø§ Ù¹ÛŒØ³Ù¹ Ú©Ø±ÙˆØ§Ù„ÛŒØ§ØŒ Ø±Ù¾ÙˆØ±Ù¹ Ú©ÛŒØ§ Ø¢Ø¦ÛŒØŸ Ø³Ù†Ø¦ÛŒÛ’ Ø®ÙˆØ¯ Ø§Ù† Ú©ÛŒ Ø²Ø¨Ø§Ù†ÛŒ #PMImranKhan #COVID19InPakistan #offtherecord https://videos.arynews.tv/federal-minister-ali-zaidi-tests-negative-for-covid-19/Â â€¦,[],['https://videos.arynews.tv/federal-minister-ali-zaidi-tests-negative-for-covid-19/'],[],0,0,3,"['#pmimrankhan', '#covid19inpakistan', '#offtherecord']",[],https://twitter.com/ARYVideos/status/1255899918931238912,False,,0,,,,,,,"[{'user_id': '2833837928', 'username': 'ARYVideos'}]"
1255893819268173826,1255893819268173826,1588263394000,2020-04-30,12:16:34,EDT,2833837928,aryvideos,ARY Videos,,Ø§Ø­Ø³Ø§Ø³ Ú©ÛŒØ´ Ù¾Ø±ÙˆÚ¯Ø±Ø§Ù… Ú©Û’ Ù„Ø¦Û’ Ù…ÛŒÚº Ø­Ú©ÙˆÙ…Øª Ú©Ùˆ Ø³ÛŒÙ„ÙˆÙ¹ Ú©Ø±ØªØ§ ÛÙˆÚºØŒ Ø±ÛÙ†Ù…Ø§ Ù† Ù„ÛŒÚ¯ Ù…ØµØ¯Ù‚ Ù…Ù„Ú© #PMImranKhan #COVID19InPakistan #offtherecord @Kashifabbasiary https://videos.arynews.tv/i-salute-the-govt-for-initiating-ehsaas-program-says-pmln-leader-musaddiq-malik/Â â€¦,['kashifabbasiary'],['https://videos.arynews.tv/i-salute-the-govt-for-initiating-ehsaas-program-says-pmln-leader-musaddiq-malik/'],[],0,5,9,"['#pmimrankhan', '#covid19inpakistan', '#offtherecord']",[],https://twitter.com/ARYVideos/status/1255893819268173826,False,,0,,,,,,,"[{'user_id': '2833837928', 'username': 'ARYVideos'}, {'user_id': '589921934', 'username': 'Kashifabbasiary'}]"
1255887860256956416,1255887860256956416,1588261973000,2020-04-30,11:52:53,EDT,2833837928,aryvideos,ARY Videos,,Ù¾Ø§Ú©Ø³ØªØ§Ù† Ù…ÛŒÚº Ú©ÙˆØ±ÙˆÙ†Ø§ ØªÛŒØ²ÛŒ Ø³Û’ Ù¾Ú¾ÛŒÙ„Ù†Û’ Ù„Ú¯Ø§ØŒ Ù†ØªØ§Ø¦Ø¬ Ú©ÛŒØ§ ÛÙˆØ³Ú©ØªÛ’ ÛÛŒÚºØŸ ÚˆØ§Ú©Ù¹Ø± Ù‚ÛŒØµØ± Ø³Ø¬Ø§Ø¯ Ù†Û’ Ø®Ø¨Ø±Ø¯Ø§Ø± Ú©Ø±Ø¯ÛŒØ§ #PMImranKhan #COVID19InPakistan #OffTheRecord @Kashifabbasiary https://videos.arynews.tv/covid-19-dr-qaiser-sajjad-urges-government-to-increase-testing-capacity/Â â€¦,['kashifabbasiary'],['https://videos.arynews.tv/covid-19-dr-qaiser-sajjad-urges-government-to-increase-testing-capacity/'],[],0,0,1,"['#pmimrankhan', '#covid19inpakistan', '#offtherecord']",[],https://twitter.com/ARYVideos/status/1255887860256956416,False,,0,,,,,,,"[{'user_id': '2833837928', 'username': 'ARYVideos'}, {'user_id': '589921934', 'username': 'Kashifabbasiary'}]"
1255567303183400961,1255567303183400961,1588185547000,2020-04-29,14:39:07,EDT,2833837928,aryvideos,ARY Videos,,Ø§Ø³Ù…Ø§Ø±Ù¹ Ù„Ø§Ú© ÚˆØ§Ø¤Ù† Ú©ÛŒØ§ ÛÙˆØªØ§ ÛÛ’ØŸ Ú©ÛŒØ§ Ú©ÙˆØ±ÙˆÙ†Ø§ Ù‚Ø§Ø¨Ùˆ Ù…ÛŒÚº ÛÛ’ØŸ ØµØ¯Ø§Ù‚Øª Ø¹Ù„ÛŒ Ø¹Ø¨Ø§Ø³ÛŒ Ú©ÛŒ Ø¯Ø¨Ù†Ú¯ Ú¯ÙØªÚ¯Ùˆ #PMImranKhan #PowerPlay #COVID19InPakistan  https://videos.arynews.tv/what-is-smart-lock-down-sadaqat-ali-abbasi-explains/Â â€¦,[],['https://videos.arynews.tv/what-is-smart-lock-down-sadaqat-ali-abbasi-explains/'],[],0,0,3,"['#pmimrankhan', '#powerplay', '#covid19inpakistan']",[],https://twitter.com/ARYVideos/status/1255567303183400961,False,,0,,,,,,,"[{'user_id': '2833837928', 'username': 'ARYVideos'}]"
1255564638357524494,1255564638357524494,1588184911000,2020-04-29,14:28:31,EDT,2833837928,aryvideos,ARY Videos,,ØªÙ…Ø§Ù… Ø§Ø®ØªÙ„Ø§ÙØ§Øª Ú©Û’ Ø¨Ø§ÙˆØ¬ÙˆØ¯ ÛÙ… ØªØ­Ø±ÛŒÚ© Ø§Ù†ØµØ§Ù Ø­Ú©ÙˆÙ…Øª Ú©Û’ Ø³Ø§ØªÚ¾ Ú©Ø§Ù… Ú©Ø±Ù†Ø§ Ú†Ø§ÛØªÛ’ ÛÛŒÚºØŒ Ù…Ø±ØªØ¶ÛŒÙ° ÙˆÛØ§Ø¨ #PMImranKhan #PowerPlay #COVID19InPakistan  https://videos.arynews.tv/we-are-ready-to-work-with-pti-government-says-murtaza-wahab/Â â€¦,[],['https://videos.arynews.tv/we-are-ready-to-work-with-pti-government-says-murtaza-wahab/'],[],0,0,7,"['#pmimrankhan', '#powerplay', '#covid19inpakistan']",[],https://twitter.com/ARYVideos/status/1255564638357524494,False,,0,,,,,,,"[{'user_id': '2833837928', 'username': 'ARYVideos'}]"
1255199241472966656,1255199241472966656,1588097794000,2020-04-28,14:16:34,EDT,2833837928,aryvideos,ARY Videos,,Ø¢Ø¦ÛŒ Ù¾ÛŒ Ù¾ÛŒØ² Ø±Ù¾ÙˆØ±Ù¹ Ú©Ø§ Ù…Ø¹Ø§Ù…Ù„Û Ø§ÙÛØ§Ù… Ùˆ ØªÙÛÛŒÙ… Ø³Û’ Ø­Ù„ ÛÙˆÙ†Ø§ Ú†Ø§ÛÛŒØ¦Û’ØŒ ÛÙ…Ø§ÛŒÙˆÙ† Ø§Ø®ØªØ± #PMImranKhan #PowerPlay #COVID19InPakistan  https://videos.arynews.tv/the-ipps-issue-must-be-resolved-through-dialogue-humayun-akhtar/Â â€¦,[],['https://videos.arynews.tv/the-ipps-issue-must-be-resolved-through-dialogue-humayun-akhtar/'],[],0,0,3,"['#pmimrankhan', '#powerplay', '#covid19inpakistan']",[],https://twitter.com/ARYVideos/status/1255199241472966656,False,,0,,,,,,,"[{'user_id': '2833837928', 'username': 'ARYVideos'}]"
1255195918489567236,1255195918489567236,1588097002000,2020-04-28,14:03:22,EDT,2833837928,aryvideos,ARY Videos,,Ù…Ø´Ú©Ù„ ÙˆÙ‚Øª Ù…ÛŒÚº ÙˆØ²ÛŒØ± Ø§Ø¹Ø¸Ù… Ø¹Ù…Ø±Ø§Ù† Ø®Ø§Ù† Ù†Û’ Ú©Ø³ Ø·Ø±Ø­ Ù…Ø¹Ø§Ø´ÛŒ Ø¨Ø­Ø±Ø§Ù† Ù¾Ø± Ù‚Ø§Ø¨Ùˆ Ù¾Ø§ÛŒØ§ØŸ ÛÙ…Ø§ÛŒÙˆÙ† Ø§Ø®ØªØ± Ú©ÛŒ Ú¯ÙØªÚ¯Ùˆ #PMImranKhan #PowerPlay #COVID19InPakistan  https://videos.arynews.tv/covid19-how-pm-imran-khan-tackled-economic-issues/Â â€¦,[],['https://videos.arynews.tv/covid19-how-pm-imran-khan-tackled-economic-issues/'],[],1,0,6,"['#pmimrankhan', '#powerplay', '#covid19inpakistan']",[],https://twitter.com/ARYVideos/status/1255195918489567236,False,,0,,,,,,,"[{'user_id': '2833837928', 'username': 'ARYVideos'}]"
1254806778665148417,1254806778665148417,1588004223000,2020-04-27,12:17:03,EDT,241896259,missanamsaeed,Anam Saeed,,"#COVID19inPakistan between: age groups, gender & death rate. Women have shown a uniform rate of spread across all ages, which is way lesser than men because in Pakistan women don't have access to healthcare system as freely as men or is the spread actually lesser in women? (1/2)  pic.twitter.com/0L7u8rAOu7",[],[],['https://pbs.twimg.com/media/EWn3_I3WsAIo9eM.jpg'],1,0,8,['#covid19inpakistan'],[],https://twitter.com/MissAnamSaeed/status/1254806778665148417,False,,0,,,,,,,"[{'user_id': '241896259', 'username': 'MissAnamSaeed'}]"
1252913924120305664,1252913924120305664,1587552932000,2020-04-22,06:55:32,EDT,64639742,jagrannews,Dainik jagran,,"#COVID19inPakistan: à¤ªà¤¾à¤• à¤•à¥‡ à¤ªà¥à¤°à¤§à¤¾à¤¨à¤®à¤‚à¤¤à¥à¤°à¥€ à¤‡à¤®à¤°à¤¾à¤¨ à¤–à¤¾à¤¨ à¤•à¤¾ à¤¹à¥à¤† à¤•à¥‹à¤°à¥‹à¤¨à¤¾ à¤Ÿà¥‡à¤¸à¥à¤Ÿ, à¤†à¤œ à¤¹à¥€ à¤†à¤à¤—à¤¾ à¤¨à¤¤à¥€à¤œà¤¾ #CoronaInPakistan #ImranKhan #Pakistan https://www.jagran.com/world/pakistan-pak-pm-imran-khan-tests-for-covid-19-20212769.html?src=p1Â â€¦",[],['https://www.jagran.com/world/pakistan-pak-pm-imran-khan-tests-for-covid-19-20212769.html?src=p1'],[],4,2,52,"['#covid19inpakistan', '#coronainpakistan', '#imrankhan', '#pakistan']",[],https://twitter.com/JagranNews/status/1252913924120305664,False,,0,,,,,,,"[{'user_id': '64639742', 'username': 'JagranNews'}]"
1252604205002395649,1252604205002395649,1587479089000,2020-04-21,10:24:49,EDT,785149756926418944,abbasi76pak,ABBASI,,"This is the sole purpose of @pid_gov @ImranKhanPTI  basically , rest they donâ€™t really care ! Do they ? #PMImranKhan #Federal Government #covid19inpakistan #PakistanFightsCorona #imrankhan pic.twitter.com/PXzVDwcfIz","['pid_gov', 'imrankhanpti']",[],['https://pbs.twimg.com/media/EWIk3D-UYAYLVwn.jpg'],0,0,0,"['#pmimrankhan', '#federal', '#covid19inpakistan', '#pakistanfightscorona', '#imrankhan']",[],https://twitter.com/abbasi76pak/status/1252604205002395649,False,,0,,,,,,,"[{'user_id': '785149756926418944', 'username': 'abbasi76pak'}, {'user_id': '352184105', 'username': 'pid_gov'}, {'user_id': '122453931', 'username': 'ImranKhanPTI'}]"
1252554764740702208,1252554764740702208,1587467301000,2020-04-21,07:08:21,EDT,785149756926418944,abbasi76pak,ABBASI,,Ø¹Ù…Ø±Ø§Ù† Ù¾ÛÙ„Û’ Ù…Ø¬Ú¾Û’ Ù¾ÛÚ†Ø§Ù† Ù†ÛÛŒÚº Ø±ÛØ§ ØªÚ¾Ø§ ØŒ Ø§Ø¨ Ø²Ù†Ø¯Ú¯ÛŒ Ø¨Ú¾Ø± ÛŒØ§Ø¯ Ø±Ú©Ú¾Û’ Ú¯Ø§ :  ÙÛŒØµÙ„ Ø§ÛŒØ¯Ú¾ÛŒ #covid19inpakistan,[],[],[],0,0,0,['#covid19inpakistan'],[],https://twitter.com/abbasi76pak/status/1252554764740702208,False,,0,,,,,,,"[{'user_id': '785149756926418944', 'username': 'abbasi76pak'}]"
1251214777642344448,1251214777642344448,1587147824000,2020-04-17,14:23:44,EDT,100415042,sr_analysis,Spearhead Research,,"The Thin Red Line The problem now is that the #healthsector needs massive resources to cope with the #COVID19, ramp up its capacity for the future, the #unemployed, poor need sustained support #COVID19inPakistan #StayAtHome #EconomicCrisis #governance  https://spearheadresearch.org/?p=40735Â  pic.twitter.com/eQZWC2pLqs",[],['https://spearheadresearch.org/?p=40735'],['https://pbs.twimg.com/media/EV01MdfWkAIsxPV.jpg'],0,1,4,"['#healthsector', '#covid19', '#unemployed', '#covid19inpakistan', '#stayathome', '#economiccrisis', '#governance']",[],https://twitter.com/sr_analysis/status/1251214777642344448,False,,0,,,,,,,"[{'user_id': '100415042', 'username': 'sr_analysis'}]"
1251196771478495232,1251196771478495232,1587143531000,2020-04-17,13:12:11,EDT,100415042,sr_analysis,Spearhead Research,,The Thin Red Line The problem now is that the #healthsector needs massive resources to cope with the #COVID19 and ramp up its capacity for the future and the #unemployed and poor need sustained support #COVID19inPakistan #StayAtHome #EconomicCrisis #governance pic.twitter.com/VrwjcyLFg1,[],[],['https://pbs.twimg.com/media/EV0kz7jWkAAVnaH.jpg'],0,2,3,"['#healthsector', '#covid19', '#unemployed', '#covid19inpakistan', '#stayathome', '#economiccrisis', '#governance']",[],https://twitter.com/sr_analysis/status/1251196771478495232,False,,0,,,,,,,"[{'user_id': '100415042', 'username': 'sr_analysis'}]"
1251191267029069827,1251191267029069827,1587142218000,2020-04-17,12:50:18,EDT,100415042,sr_analysis,Spearhead Research,,The Thin Red Line The problem now is that the #healthsector needs massive resources to cope with the #COVID19 and ramp up its capacity for the future and the #unemployed and poor need sustained support #COVID19inPakistan #StayAtHome #EconomicCrisis #governance pic.twitter.com/13iQ5sKR3V,[],[],['https://pbs.twimg.com/media/EV0fic8WsAAsXAt.jpg'],0,0,1,"['#healthsector', '#covid19', '#unemployed', '#covid19inpakistan', '#stayathome', '#economiccrisis', '#governance']",[],https://twitter.com/sr_analysis/status/1251191267029069827,False,,0,,,,,,,"[{'user_id': '100415042', 'username': 'sr_analysis'}]"
1251029385974624259,1251029385974624259,1587103623000,2020-04-17,02:07:03,EDT,1232639794364190720,farastheqadian,IBn-e-Naseer,,Ù…Ù„Ø§Ø¤Úº Ù†Û’ Ø§Ø­Ù…Ø¯ÛŒÙˆÚº Ù¾Ø± Ø§Ù„Ø²Ø§Ù… Ù„Ú¯Ø§ÛŒØ§ Ú©Û ÙˆÛ Ø¢Ø¦ÛŒÙ† Ú©ÛŒ Ù¾Ø§Ø³Ø¯Ø§Ø±ÛŒ Ù†ÛÛŒÚº Ú©Ø±ØªÛ’ ÛÛŒÚº Ø­Ø§Ù„Ø§Ù†Ú©Û ÙˆÛ Ú©Ø±ØªÛ’ ÛÛŒÚº Ù„ÛŒÚ©Ù† Ø®ÙˆØ¯ Ø­Ú©ÙˆÙ…Øª Ù„Ø§Ú© ÚˆØ§Ø¤Ù† ÛØ¯Ø§ÛŒØ§Øª Ù¾Ø± Ø¹Ù…Ù„ Ú©Ø±Ù†Û’ Ø³Û’ Ø§Ù†Ú©Ø§Ø± Ú©Ø± Ø±ÛÛ’ ÛÛŒÚºÛ” Ø¨Û’ Ø´Ú© ÙˆÛ Ø¨Ø¯ØªØ± Ù…Ù†Ø§ÙÙ‚ ÛÛŒÚºÛ” #COVID19 #COvid19InPakistan #MuftiMuneebUrRehman #MuftiMuneeb #AhmadiyyaMuslimCommunity #StayAtHome pic.twitter.com/1z7q6P73Oz,[],[],"['https://pbs.twimg.com/media/EVyMRsCWoAA-e8e.png', 'https://pbs.twimg.com/media/EVyMWG-WkAAWVZM.png']",0,0,0,"['#covid19', '#covid19inpakistan', '#muftimuneeburrehman', '#muftimuneeb', '#ahmadiyyamuslimcommunity', '#stayathome']",[],https://twitter.com/FarasTheQadian/status/1251029385974624259,False,,0,,,,,,,"[{'user_id': '1232639794364190720', 'username': 'FarasTheQadian'}]"
1250870230508847104,1250870230508847104,1587065677000,2020-04-16,15:34:37,EDT,4878031811,usxmxch,Usama Chaudhary,,"Na ilaj hai, Na dawaai hai  ISHQ diekh,  Tere takar ki waba aye hai !  #Covid_19 #Covid19inPakistan #StayAtHome #lockdownpakistan",[],[],[],0,0,0,"['#covid_19', '#covid19inpakistan', '#stayathome', '#lockdownpakistan']",[],https://twitter.com/usxmxch/status/1250870230508847104,False,,0,,,,,,,"[{'user_id': '4878031811', 'username': 'usxmxch'}]"
1250368122059739136,1250368122059739136,1586945965000,2020-04-15,06:19:25,EDT,958031796108713987,pakprimenews,Pak Prime News,,Ù¾Ø§Ú©Ø³ØªØ§Ù† Ù…ÛŒÚº Ú©ÙˆØ±ÙˆÙ†Ø§ ÙˆØ§Ø¦Ø±Ø³ Ú©Û’ Ù…Ø±ÛŒØ¶ÙˆÚº Ø§ÙˆØ± Ø§Ù…ÙˆØ§Øª Ù…ÛŒÚº Ù…Ø²ÛŒØ¯ Ø§Ø¶Ø§ÙÛ  https://www.pakprimenews.com/top-story/15061/Â â€¦ via @PakPrimeNews #COVID2019 #covid19inpakistan,['pakprimenews'],['https://www.pakprimenews.com/top-story/15061/'],[],0,0,0,"['#covid2019', '#covid19inpakistan']",[],https://twitter.com/PakPrimeNews/status/1250368122059739136,False,,0,,,,,,,"[{'user_id': '958031796108713987', 'username': 'PakPrimeNews'}]"
1249716473691504646,1249716473691504646,1586790600000,2020-04-13,11:10:00,EDT,1190033504882569217,mainpakhon,Main Pakistan Hoon,,In a video message by PM Imran Khan to overseas Paistanis. Imran Khan appeals to donate in Prime Minister Relief Fund. We are a developing Nation and we want to help our Pakistanis.  #CoronaVirusinPakistan #Covid19inPakistan #DonatetoPmFund #ehsaasemerg https://mainpakistanhoon.com/pm-imran-khan-message-to-overseas-pakistanis-appeals-to-donate-in-prime-minister-relief-fund/Â â€¦,[],['https://mainpakistanhoon.com/pm-imran-khan-message-to-overseas-pakistanis-appeals-to-donate-in-prime-minister-relief-fund/'],[],0,0,0,"['#coronavirusinpakistan', '#covid19inpakistan', '#donatetopmfund', '#ehsaasemerg']",[],https://twitter.com/mainpakhon/status/1249716473691504646,False,,0,,,,,,,"[{'user_id': '1190033504882569217', 'username': 'mainpakhon'}]"
1249690952593068034,1249690952593068034,1586784515000,2020-04-13,09:28:35,EDT,64639742,jagrannews,Dainik jagran,,"#Covid19inPakistan: à¤•à¥‹à¤°à¥‹à¤¨à¤¾ à¤¸à¥‡ à¤¨à¤¿à¤ªà¤Ÿà¤¨à¥‡ à¤®à¥‡à¤‚ à¤‡à¤®à¤°à¤¾à¤¨ à¤¸à¤°à¤•à¤¾à¤° à¤«à¥‡à¤², à¤ªà¤¾à¤• à¤¸à¥à¤ªà¥à¤°à¥€à¤® à¤•à¥‹à¤°à¥à¤Ÿ à¤¨à¥‡ à¤•à¥€ à¤—à¤‚à¤­à¥€à¤° à¤Ÿà¤¿à¤ªà¥à¤ªà¤£à¥€ #coronavirusinpakistan https://www.jagran.com/world/pakistan-pakistan-supreme-court-orders-removal-of-health-advisor-to-pm-imran-khan-over-covid19-20187748.htmlÂ â€¦",[],['https://www.jagran.com/world/pakistan-pakistan-supreme-court-orders-removal-of-health-advisor-to-pm-imran-khan-over-covid19-20187748.html'],[],9,15,133,"['#covid19inpakistan', '#coronavirusinpakistan']",[],https://twitter.com/JagranNews/status/1249690952593068034,False,,0,,,,,,,"[{'user_id': '64639742', 'username': 'JagranNews'}]"
1249236522538278915,1249236522538278915,1586676171000,2020-04-12,03:22:51,EDT,1277809111,hammadspeaks,Hammad Abbasi,,Recovery rate in pakistan jumped to 20%.  #covid19inpakistan #StayHomeSaveLives  https://covid19-pk.live/Â  pic.twitter.com/ETSbjefseP,[],['https://covid19-pk.live/'],['https://pbs.twimg.com/media/EVYtqWmXQAAV4FO.jpg'],0,0,0,"['#covid19inpakistan', '#stayhomesavelives']",[],https://twitter.com/hammadspeaks/status/1249236522538278915,False,,0,,,,,,,"[{'user_id': '1277809111', 'username': 'hammadspeaks'}]"
1249187867294867458,1249187867294867458,1586664571000,2020-04-12,00:09:31,EDT,1170563865370738690,imartialblood_,iMartial Blood-SWIFT RETORT ğŸ˜‚ 27/02,,How will the @pid_gov ensure Taraweeb congregations are not allowed in any mosque. Will it be possible. We can a huge spike during that time.   Pakistan is dotted with mosques at every kilometer in every town village   #Covid19InPakistan. #Ramazan,['pid_gov'],[],[],1,0,0,"['#covid19inpakistan', '#ramazan']",[],https://twitter.com/iMartialBlood_/status/1249187867294867458,False,,0,,,,,,,"[{'user_id': '1170563865370738690', 'username': 'iMartialBlood_'}, {'user_id': '352184105', 'username': 'pid_gov'}]"
1248864199742238721,1248864199742238721,1586587402000,2020-04-11,02:43:22,EDT,1214872953789308929,farhansayss,FarHan MuGhalğŸ˜ğŸ”¥ÙØ±Ø­Ø§Ù† Ù…ØºÙ„,,GooD Morning #Covid19InPakistan,[],[],[],0,0,4,['#covid19inpakistan'],[],https://twitter.com/FarhanSayss/status/1248864199742238721,False,,0,,,,,,,"[{'user_id': '1214872953789308929', 'username': 'FarhanSayss'}]"
1248215343413239808,1248215343413239808,1586432703000,2020-04-09,07:45:03,EDT,1125336034638802945,thedailynewspk,DailyNewsPK,,@doctHERs and @oladocSays join forces to fight #Covid19inPakistan  https://dailynewspk.com/docthers-and-oladoc-join-forces-to-fight-covid-19-in-pakistan/Â â€¦ Via:@TheDailyNewsPK #enterprises #COVID19Pandemic #enterprisetech #digitalhealthcare #onlineplatform #healthtech #healthtechnology #healthcaretech #dailynewspk #newpost #newspk pic.twitter.com/PIKXobRoXy,"['docthers', 'oladocsays', 'thedailynewspk']",['https://dailynewspk.com/docthers-and-oladoc-join-forces-to-fight-covid-19-in-pakistan/'],['https://pbs.twimg.com/media/EVKNLMhU0AAALUQ.png'],0,2,1,"['#covid19inpakistan', '#enterprises', '#covid19pandemic', '#enterprisetech', '#digitalhealthcare', '#onlineplatform', '#healthtech', '#healthtechnology', '#healthcaretech', '#dailynewspk', '#newpost', '#newspk']",[],https://twitter.com/TheDailyNewsPK/status/1248215343413239808,False,,0,,,,,,,"[{'user_id': '1125336034638802945', 'username': 'TheDailyNewsPK'}, {'user_id': '3501266120', 'username': 'doctHERs'}, {'user_id': '907212249768644608', 'username': 'oladocSays'}]"
1248186489038614529,1248110371594010624,1586425823000,2020-04-09,05:50:23,EDT,1013422328,fkhan145,F Khan #StayAtHome,,Maintaining strict social distancing wouldâ€™ve been more effective than wearing a flimsy mask.  #COVID19 #COVID19inPakistan,['arifalvi'],[],[],0,0,0,"['#covid19', '#covid19inpakistan']",[],https://twitter.com/FKhan145/status/1248186489038614529,False,,0,,,,,,,"[{'user_id': '1013422328', 'username': 'FKhan145'}, {'user_id': '9959702', 'username': 'ArifAlvi'}]"
1247098795491549185,1247098795491549185,1586166497000,2020-04-06,05:48:17,EDT,2481794950,zubairsam2012,Mzubairkhattak,,Itâ€™s no less than a banana republic with tinpot leaders at helm who knows nothing of governance.  How on earth doctors can treat patients if they are so prone to the disease.  Itâ€™s really shameful that our police lack respect for educated people. #Covid_19 #COVID19InPakistan  https://twitter.com/etribune/status/1247095866642567169Â â€¦,[],['https://twitter.com/etribune/status/1247095866642567169'],[],0,0,0,"['#covid_19', '#covid19inpakistan']",[],https://twitter.com/zubairsam2012/status/1247098795491549185,False,https://twitter.com/etribune/status/1247095866642567169,0,,,,,,,"[{'user_id': '2481794950', 'username': 'zubairsam2012'}]"
1245657155652354049,1245657155652354049,1585822783000,2020-04-02,06:19:43,EDT,355323100,navift,Naveed Iftikhar,,"All IPPs in Pakistan, operating over 10 years, should voluntarily/unilaterally reduce the capacity payments to help the government to direct these resources towards fighting #COVID19inPakistan.  They have made a lot of money with negligible equity. Time to contribute now!",[],[],[],14,30,88,['#covid19inpakistan'],[],https://twitter.com/navift/status/1245657155652354049,False,,0,,,,,,,"[{'user_id': '355323100', 'username': 'navift'}]"
1245565681355063296,1245565505982906368,1585800974000,2020-04-02,00:16:14,EDT,1232639794364190720,farastheqadian,IBn-e-Naseer,,Ø­ÙŠÙŠ Ø¹Ù„ÙŠ Ø§Ù„ØµÙ„ÙˆØ© Ù†Û Ú©ÛÙ†Ø§ ( Ø¨Ù„Ú©Û ) ØµÙÙ„ÙÙ‘ÙˆØ§ ÙÙÙŠ Ø¨ÙÙŠÙÙˆØªÙÙƒÙÙ…Ù’ ( Ø§Ù¾Ù†Û’ Ú¯Ú¾Ø±ÙˆÚº Ù…ÛŒÚº Ù†Ù…Ø§Ø² Ù¾Ú‘Ú¾Ùˆ ) Ú©ÛÙ†Ø§  SAHIH MUSLIM HADITH NO. 1604 #CoronaVirus #COVID19InPakistan #COVID19 #Islamabad #Punjab #Sindh #KP #Balochistan #StayAtHome #StayAtHomeAndStaySafe pic.twitter.com/Cei9g3HuHJ,[],[],['https://pbs.twimg.com/media/EUkjRT4WAAA5Jqb.jpg'],0,0,0,"['#coronavirus', '#covid19inpakistan', '#covid19', '#islamabad', '#punjab', '#sindh', '#kp', '#balochistan', '#stayathome', '#stayathomeandstaysafe']",[],https://twitter.com/FarasTheQadian/status/1245565681355063296,False,,0,,,,,,,"[{'user_id': '1232639794364190720', 'username': 'FarasTheQadian'}]"
1245565505982906368,1245565505982906368,1585800932000,2020-04-02,00:15:32,EDT,1232639794364190720,farastheqadian,IBn-e-Naseer,,Ø­ÙŠÙŠ Ø¹Ù„ÙŠ Ø§Ù„ØµÙ„ÙˆØ© Ù†Û Ú©ÛÙ†Ø§ ( Ø¨Ù„Ú©Û ) ØµÙÙ„ÙÙ‘ÙˆØ§ ÙÙÙŠ Ø¨ÙÙŠÙÙˆØªÙÙƒÙÙ…Ù’ ( Ø§Ù¾Ù†Û’ Ú¯Ú¾Ø±ÙˆÚº Ù…ÛŒÚº Ù†Ù…Ø§Ø² Ù¾Ú‘Ú¾Ùˆ ) Ú©ÛÙ†Ø§  SAHIH MUSLIM HADITH NO. 1604  #CoronaVirus #COVID19InPakistan #COVID19 #Islamabad #Punjab #Sindh #KP #Balochistan #StayAtHome #StayAtHomeAndStaySafe pic.twitter.com/GXuOy67fxl,[],[],['https://pbs.twimg.com/media/EUki9ZlWkAACF02.jpg'],1,0,0,"['#coronavirus', '#covid19inpakistan', '#covid19', '#islamabad', '#punjab', '#sindh', '#kp', '#balochistan', '#stayathome', '#stayathomeandstaysafe']",[],https://twitter.com/FarasTheQadian/status/1245565505982906368,False,,0,,,,,,,"[{'user_id': '1232639794364190720', 'username': 'FarasTheQadian'}]"
1245451196363571201,1245451196363571201,1585773679000,2020-04-01,16:41:19,EDT,241896259,missanamsaeed,Anam Saeed,,"1stApril2020: #COVID19inPakistan, growth trajectory of total cases is far behind countries like Italy, Iran, China & Germany. We aren't testing enough, even if we're testing just critical patients, even then, is the severity of covid19 lesser in Pakistan or is the curve flatter?  pic.twitter.com/HQvPGXzueo",[],[],['https://pbs.twimg.com/media/EUi6dpOXsAM9ydR.png'],8,0,6,['#covid19inpakistan'],[],https://twitter.com/MissAnamSaeed/status/1245451196363571201,False,,0,,,,,,,"[{'user_id': '241896259', 'username': 'MissAnamSaeed'}]"
1245309437004439560,1245309437004439560,1585739881000,2020-04-01,07:18:01,EDT,2726428542,saboor1970,Dr. Muhammad Abdul Saboor,,Continuous efforts from health officials to answer the questions regarding #COVID19. #StayAtHome and get info about Labs and latest updates about #CoVID19InPakistan in seven languages.  Letâ€™s be the part with LPP to share the info and make #CoronaFreePakistan #StayHomeSaveLives pic.twitter.com/nDr58gd4km,[],[],['https://pbs.twimg.com/media/EUg57sfXQAEMSCH.jpg'],1,5,8,"['#covid19', '#stayathome', '#covid19inpakistan', '#coronafreepakistan', '#stayhomesavelives']",[],https://twitter.com/Saboor1970/status/1245309437004439560,False,,0,,,,,,,"[{'user_id': '2726428542', 'username': 'Saboor1970'}]"
1244854918680379394,1244854918680379394,1585631515000,2020-03-31,01:11:55,EDT,1153201239313793024,docsa83,Doc Sa,,Ø²Ù„ÙÛŒ Ø¨Ø®Ø§Ø±ÛŒ Ø§ÙˆØ± Ø¹Ù„ÛŒ Ø²ÛŒØ¯ÛŒ Ú©Û’ Ú©Ù…Ø§Ù„Ø§ØªÛ” ÛŒÛ Ø²Ù„ÙÛŒ Ùˆ Ø²ÛŒØ¯ÛŒ Ú©Û’ Ú†ÛŒÙ„Û’ Ú†Ø§Ù¾Ú‘ Ú©Ø±ÙˆÙ†Ø§ Ú©Û’ Ù…Ø±ÛŒØ¶ÙˆÚº Ú©Ùˆ ØªØ¨Ù„ÛŒØºÛŒ Ù…Ø±Ú©Ø² Ù„Ø§Ú©Ø± ÙˆÛØ§Úº Ø³Û’ Ù…ÛŒÚˆÛŒØ§ Ú©Û’ Ø³Ø§Ù…Ù†Û’ Ø¨Ø±Ø¢Ù…Ø¯ Ú©Ø±Ú©Û’ Ú©Ø±ÙˆÙ†Ø§ Ù¾Ú¾ÛŒÙ„Ø§Ù†Û’ Ú©Ø§ Ø§Ù„Ø²Ø§Ù… ØªØ¨Ù„ÛŒØºÛŒ Ø¬Ù…Ø§Ø¹Øª Ù¾Ø± ÚˆØ§Ù„Ù†Û’ Ú©Ø§ Ù¾Ø±ÙˆÚ¯Ø±Ø§Ù… Ø¨Ù†Ø§ Ø±ÛÛ’ ÛÛŒÚºÛ” #covid19inpakistan @ImranKhanPTI @SindhCMHouse @BBCUrdu pic.twitter.com/tG1OOK8WWt,"['imrankhanpti', 'sindhcmhouse', 'bbcurdu']",[],[],1,0,0,['#covid19inpakistan'],[],https://twitter.com/DocSa83/status/1244854918680379394,False,,1,,,,,,,"[{'user_id': '1153201239313793024', 'username': 'DocSa83'}, {'user_id': '122453931', 'username': 'ImranKhanPTI'}, {'user_id': '3360496814', 'username': 'SindhCMHouse'}, {'user_id': '132493630', 'username': 'BBCUrdu'}]"
1244793431290830848,1244793431290830848,1585616855000,2020-03-30,21:07:35,EDT,1134424160023785472,foyej55,Ahmed Foyej ğŸ‡§ğŸ‡©ğŸ‡¹ğŸ‡·ğŸ‡µğŸ‡°,,"Ask their today those atheists who say ..   ""We don't believe in Allah  We Don't Believe in Unseen ""   Ask them now ...   Do you see the virus?  Do you believe it? #Covid_19 #coronavirus #Coronavirustruth #COVID #Covid19InTurkey #Covid19InPakistan",[],[],[],1,0,3,"['#covid_19', '#coronavirus', '#coronavirustruth', '#covid', '#covid19inturkey', '#covid19inpakistan']",[],https://twitter.com/Foyej55/status/1244793431290830848,False,,0,,,,,,,"[{'user_id': '1134424160023785472', 'username': 'Foyej55'}]"
1244595386678939654,1244595386678939654,1585569638000,2020-03-30,08:00:38,EDT,1209031021230002176,daastant,Daastan TV,,ÙˆØ²ÛŒØ±Ø§Ø¹Ø¸Ù… Ù¾Ø§Ú©Ø³ØªØ§Ù† Ø¹Ù…Ø±Ø§Ù† Ø®Ø§Ù† Ø¢Ø¬ Ø´Ø§Ù… 5 Ø¨Ø¬Û’ Ù‚ÙˆÙ… Ø³Û’ Ø®Ø·Ø§Ø¨ Ú©Ø±ÛŒÚº Ú¯Û’ @PTIofficial @PakPMO @PTICPOfficial @UsmanAKBuzdar @fawadchaudhry @Dr_FirdousPTI @ArifAlvi #pmimrankhan #coronainpakistan #covid19inpakistan #daastantv pic.twitter.com/f0tSnTsUmW,"['ptiofficial', 'pakpmo', 'pticpofficial', 'usmanakbuzdar', 'fawadchaudhry', 'dr_firdouspti', 'arifalvi']",[],['https://pbs.twimg.com/media/EUWwUIWXgAA4PqC.jpg'],0,1,1,"['#pmimrankhan', '#coronainpakistan', '#covid19inpakistan', '#daastantv']",[],https://twitter.com/DaastanT/status/1244595386678939654,False,,0,,,,,,,"[{'user_id': '1209031021230002176', 'username': 'DaastanT'}, {'user_id': '127483019', 'username': 'PTIofficial'}, {'user_id': '1040146057093627904', 'username': 'PakPMO'}, {'user_id': '3162325376', 'username': 'PTICPOfficial'}, {'user_id': '1030499496558514176', 'username': 'UsmanAKBuzdar'}, {'user_id': '113286385', 'username': 'fawadchaudhry'}, {'user_id': '869239266651418625', 'username': 'Dr_FirdousPTI'}, {'user_id': '9959702', 'username': 'ArifAlvi'}]"
1244356241108828161,1244356241108828161,1585512621000,2020-03-29,16:10:21,EDT,1134424160023785472,foyej55,Ahmed Foyej ğŸ‡§ğŸ‡©ğŸ‡¹ğŸ‡·ğŸ‡µğŸ‡°,,Ø±ÙØ¨ÙÙ‘Ù†ÙØ§ ÙˆÙØ§Ø¬Ù’Ø¹ÙÙ„Ù’Ù†ÙØ§ Ù…ÙØ³Ù’Ù„ÙÙ…ÙÙŠÙ’Ù†Ù Ù„ÙÙƒÙ ÙˆÙÙ…ÙÙ† Ø°ÙØ±ÙÙ‘ÙŠÙÙ‘ØªÙÙ†ÙØ§ Ø£ÙÙ…ÙÙ‘Ø©Ù‹ Ù…ÙÙ‘Ø³Ù’Ù„ÙÙ…ÙØ©Ù‹ Ù„ÙÙ‘ÙƒÙ #ReturnToQuran #Covid_19 #Covid19InPakistan #Covid19InBangladesh pic.twitter.com/LXn9t83eIP,[],[],['https://pbs.twimg.com/media/EUTXZw-UUAA4ZvE.jpg'],0,1,5,"['#returntoquran', '#covid_19', '#covid19inpakistan', '#covid19inbangladesh']",[],https://twitter.com/Foyej55/status/1244356241108828161,False,,0,,,,,,,"[{'user_id': '1134424160023785472', 'username': 'Foyej55'}]"
1244297310982623232,1244297310982623232,1585498571000,2020-03-29,12:16:11,EDT,1243231067747819520,sohailk67012596,Sohail Khan,,#COVID19inpakistan  pic.twitter.com/umyvdy450D,[],[],[],0,0,0,['#covid19inpakistan'],[],https://twitter.com/SohailK67012596/status/1244297310982623232,False,,1,,,,,,,"[{'user_id': '1243231067747819520', 'username': 'SohailK67012596'}]"
1244247736590925830,1244247736590925830,1585486752000,2020-03-29,08:59:12,EDT,1153201239313793024,docsa83,Doc Sa,,alhamduaAllah number of cases are decreased reported in sindh but numbers of cases are high in pakistan well done pm sindh @MuradAliShahPPP #covid19insindh #covid19inpakistan @murtazawahab1 @UsmanAKBuzdar @ImranKhanPTI pic.twitter.com/Tsi1v8kBAo,"['muradalishahppp', 'murtazawahab1', 'usmanakbuzdar', 'imrankhanpti']",[],['https://pbs.twimg.com/media/EUR0tzJXsAAsA6G.jpg'],0,0,0,"['#covid19insindh', '#covid19inpakistan']",[],https://twitter.com/DocSa83/status/1244247736590925830,False,,0,,,,,,,"[{'user_id': '1153201239313793024', 'username': 'DocSa83'}, {'user_id': '952945221930831872', 'username': 'MuradAliShahPPP'}, {'user_id': '724554176366284800', 'username': 'murtazawahab1'}, {'user_id': '1030499496558514176', 'username': 'UsmanAKBuzdar'}, {'user_id': '122453931', 'username': 'ImranKhanPTI'}]"
1244219695919542272,1244219695919542272,1585480066000,2020-03-29,07:07:46,EDT,1242798985519087616,dailymidtime,DailyMidTime,,#COVID19inPakistan #chinapakistan https://dailymidtime.com/coronavirus-in-pakistan-china-sends-medical-aid/Â â€¦,[],['https://dailymidtime.com/coronavirus-in-pakistan-china-sends-medical-aid/'],[],0,0,0,"['#covid19inpakistan', '#chinapakistan']",[],https://twitter.com/dailymidtime/status/1244219695919542272,False,,0,,,,,,,"[{'user_id': '1242798985519087616', 'username': 'dailymidtime'}]"
1244206408415002625,1244206408415002625,1585476898000,2020-03-29,06:14:58,EDT,4909135588,sheikhmuz7777,Muzammil Sheikh,,Ø¢Ù¾ Ú©ÙˆØ±ÙˆÙ†Ø§ Ú©Ø§ Ø´Ú©Ø§Ø± ÛÛŒÚº ÛŒØ§ Ù†ÛÛŒÚºØŒ Ú†ÛŒÙ† Ú©Û’ Ú©Ø±Ø§Ú†ÛŒ  Ù…ÛŒÚº Ù‚ÙˆÙ†ØµÙ„ Ø¬Ù†Ø±Ù„ Ù†Û’ ÛŒÛ Ù¹ÛŒØ³Ù¹ Ù„Ù†Ú© Ø¬Ø§Ø±ÛŒ Ú©ÛŒØ§ ÛÛ’ ğŸ‘‡  http://covid19.kpolom.com/Â  ( via whatsup received )  #CoronaUpdate #COVID19INPAKISTAN,[],['http://covid19.kpolom.com/'],[],0,0,0,"['#coronaupdate', '#covid19inpakistan']",[],https://twitter.com/sheikhmuz7777/status/1244206408415002625,False,,0,,,,,,,"[{'user_id': '4909135588', 'username': 'sheikhmuz7777'}]"
1243947607040446465,1243947607040446465,1585415195000,2020-03-28,13:06:35,EDT,355323100,navift,Naveed Iftikhar,,Report on a round table organized by @LRTerrace on #COVID19inPakistan. Thnx @shimaildaud @ayeshawzaman @OsmanSaifullahK @zubairabbasi @ImJattala @aribbae_ @AtikaRehman @emeskay @situationsarah @saleem_ali @malyhaz @adeel_muhammad @KAT19IU @NimraTariqPK https://learnersrepublic.com/round-table-fighting-covid-19-in-pakistan-policy-recommendations/Â â€¦,"['lrterrace', 'shimaildaud', 'ayeshawzaman', 'osmansaifullahk', 'zubairabbasi', 'imjattala', 'aribbae_', 'atikarehman', 'emeskay', 'situationsarah', 'saleem_ali', 'malyhaz', 'adeel_muhammad', 'nimratariqpk']",['https://learnersrepublic.com/round-table-fighting-covid-19-in-pakistan-policy-recommendations/'],[],2,17,24,['#covid19inpakistan'],[],https://twitter.com/navift/status/1243947607040446465,False,,0,,,,,,,"[{'user_id': '355323100', 'username': 'navift'}, {'user_id': '1154641810272206848', 'username': 'LRTerrace'}, {'user_id': '68111348', 'username': 'shimaildaud'}, {'user_id': '1113692137114284033', 'username': 'ayeshawzaman'}, {'user_id': '881867660', 'username': 'OsmanSaifullahK'}, {'user_id': '50571293', 'username': 'zubairabbasi'}, {'user_id': '1440398893', 'username': 'ImJattala'}, {'user_id': '1106909550', 'username': 'aribbae_'}, {'user_id': '184745396', 'username': 'AtikaRehman'}, {'user_id': '51768451', 'username': 'emeskay'}, {'user_id': '31275600', 'username': 'situationsarah'}, {'user_id': '17552387', 'username': 'saleem_ali'}, {'user_id': '113809793', 'username': 'malyhaz'}, {'user_id': '85658990', 'username': 'adeel_muhammad'}, {'user_id': '861876476378988544', 'username': 'NimraTariqPK'}]"